源站点,租房类型,标题,室厅卫,面积,小区,地区,房源,价格,原文链接
58,整租,西乡地铁站 青年公寓出租 家电全齐 业主直租,5室2厅3卫,238㎡,中熙香缇湾花园,西乡,个人,500,http://short.58.com/zd_p/a4653719-27e2-4a7e-91b7-9bbc174dcee1/?target=fh-16-xgk_hvimob_32667424045459q-feykn&end=end
58,整租,地铁站160 1室0厅1卫,1室0厅1卫,32㎡,None,西乡,个人,800,http://short.58.com/zd_p/475fe979-7908-4daf-9245-11d108477265/?target=fh-16-xgk_hvimob_84438853705137q-feykn&end=end
58,整租,花样年花乡家 1室1厅1卫,1室1厅1卫,43㎡,花样年花乡家园,宝安中心区,个人,4000,http://short.58.com/zd_p/a7532b0a-f74f-43fb-b30c-854996957aaa/?target=fh-16-xgk_hvimob_84485930972023q-feykn&end=end
58,整租,宝安沙井名豪丽城 2室2厅 85平米 精装修 押二付,2室2厅1卫,85㎡,名豪丽城,沙井,个人,2600,http://short.58.com/zd_p/c39109ea-2c26-4348-af99-baa45681704a/?target=fh-16-xgk_hvimob_32602148954382q-feykn&end=end
58,整租,宝安西乡宝悦公寓 单间 一房一厅 二房一厅 多种户型,1室0厅1卫,25㎡,None,西乡,个人,1600,http://short.58.com/zd_p/ed8db9d1-f77d-46c5-bfdb-543a54e64ac6/?target=fh-16-xgk_hvimob_32663509416909q-feykn&end=end
58,整租,利害了我的办公室 通透明亮 颜值高 找寻接班人,2室1厅1卫,88㎡,None,松岗,个人,2800,http://short.58.com/zd_p/9cf92baa-fecb-449f-8f42-4565f805b842/?target=fh-16-xgk_hvimob_32231249683457q-feykn&end=end
58,整租,深航假日名居 1室0厅0卫,1室0厅0卫,20㎡,None,宝安中心区,个人,1400,http://short.58.com/zd_p/f1513a3b-ae9b-40a5-bb91-a50c75b1b348/?target=fh-16-xgk_hvimob_32243050949077q-feykn&end=end
58,整租,万象新天 1室0厅1卫,1室0厅1卫,36㎡,万象新天,西乡,个人,1000,http://short.58.com/zd_p/3dc22255-574e-4c97-9ecf-3f2ed436d545/?target=fh-16-xgk_hvimob_84485883780316q-feykn&end=end
58,整租,西乡固戍东山得宝楼两厅一厅 2室2厅1卫,2室2厅1卫,85㎡,None,西乡,个人,2900,http://short.58.com/zd_p/6c47fb59-558e-4459-a325-d3748a4c9ce4/?target=fh-16-xgk_hvimob_32204068906718q-feykn&end=end
58,整租,固戍地铁口 1室0厅1卫,1室0厅1卫,26㎡,None,西乡,个人,800,http://short.58.com/zd_p/ce7e10ea-0e60-4fca-aff5-1e70c027ec41/?target=fh-16-xgk_hvimob_84439719829427q-feykn&end=end
58,单间,转租固戍地铁电梯公寓单间床、衣柜、电脑桌、空调、热水,主卧(1室),28㎡,None,西乡,个人,950,http://short.58.com/zd_p/67acd451-4607-4e26-9122-7c2b7ff12e6f/?target=fh-16-xgk_ephv_84433789711127q-feykn&end=end
58,整租,固戍（地铁口 1室0厅1卫,1室0厅1卫,32㎡,None,西乡,个人,1000,http://short.58.com/zd_p/1ef6bb71-a9b4-4515-a916-480aa0d5bc6d/?target=fh-16-xgk_hvimob_84431785042728q-feykn&end=end
58,单间,福中福花园二 3室2厅 次卧 朝东 精装修,次卧(3室),18㎡,None,宝安中心区,个人,1450,http://short.58.com/zd_p/618abbae-bb57-4a53-9ef6-3b96e067fae4/?target=fh-16-xgk_ephv_32147278607322q-feykn&end=end
58,单间,西乡固戍地铁附近 新房出租免中介限女生,次卧(4室),12㎡,None,宝安,个人,1350,http://short.58.com/zd_p/78e85c1e-5588-4908-90d7-66f38a742aec/?target=fh-16-xgk_ephv_32641955396053q-feykn&end=end
58,整租,财富港 1室1厅1卫,1室1厅1卫,42㎡,财富港,西乡,个人,3200,http://short.58.com/zd_p/2e9b46e8-3e1f-46f3-bcff-3f8b75421bdf/?target=fh-16-xgk_hvimob_84436878072334q-feykn&end=end
58,整租,中信领航 4室2厅2卫,4室2厅2卫,136㎡,中信领航,西乡,个人,4600,http://short.58.com/zd_p/5053e2c5-0b84-4984-a14f-eb776d54b0dc/?target=fh-16-xgk_hvimob_84489591813860q-feykn&end=end
58,整租,固戍雅居苑 3室2厅 120平米 简单装修 押一付一,3室2厅2卫,120㎡,None,西乡,个人,4200,http://short.58.com/zd_p/d0cad2ba-3f4a-48e7-8d69-cda4a31786ba/?target=fh-16-xgk_hvimob_31179074652512q-feykn&end=end
58,整租,文乐花园 3室2厅1卫,3室2厅1卫,15㎡,None,翻身路,个人,1200,http://short.58.com/zd_p/c8c48688-322a-4696-8ceb-8d69b33cd0ff/?target=fh-16-xgk_hvimob_32211189829226q-feykn&end=end
58,单间,宝安西乡后瑞地铁站 1室1厅 主卧 朝南 中等装修,主卧(1室),30㎡,None,西乡,个人,1000,http://short.58.com/zd_p/fe627029-a107-4470-bcf6-29a173af1a9f/?target=fh-16-xgk_ephv_84481417767174q-feykn&end=end
58,整租,宝安中心花园社区高层白领公寓 近地铁 房东直租,1室0厅1卫,42㎡,深航假日名居,宝安中心区,个人,1800,http://short.58.com/zd_p/e14ba005-6950-4709-bf66-9d45cfd8ef17/?target=fh-16-xgk_hvimob_32071598820257q-feykn&end=end
58,整租,灵芝地铁口旁 1室0厅1卫,1室0厅1卫,26㎡,None,宝安中心区,个人,1100,http://short.58.com/zd_p/9507160b-fd1e-43cc-a27a-de7e92e55f1e/?target=fh-16-xgk_hvimob_84431281538909q-feykn&end=end
58,单间,首月半价送宽带家具、福永地铁站附近单间,主卧(1室),20㎡,None,福永,个人,750,http://short.58.com/zd_p/dbb157bd-0a2a-43f9-aaa5-8e2f08ce6b22/?target=fh-16-xgk_ephv_84443155027984q-feykn&end=end
58,整租,固戍A口精品 1室0厅1卫,1室0厅1卫,36㎡,None,西乡,个人,1000,http://short.58.com/zd_p/09d85442-aa4b-4a37-9e8b-2dd21132665b/?target=fh-16-xgk_hvimob_84485464963021q-feykn&end=end
58,整租,西乡盐田下三村 1室0厅1卫,1室0厅1卫,20㎡,None,西乡,个人,1000,http://short.58.com/zd_p/17205e27-eeab-40ee-ab43-89561803ccdf/?target=fh-16-xgk_hvimob_32692725767901q-feykn&end=end
58,整租,固戍地铁站A 1室0厅1卫,1室0厅1卫,26㎡,None,深圳,个人,800,http://short.58.com/zd_p/59196348-99a5-427d-bdd8-1b6a03fc7c3a/?target=fh-16-xgk_hvimob_84443953634025q-feykn&end=end
58,单间,1号线地铁口 万象新天豪华装修合租,主卧(4室),20㎡,None,西乡,个人,1300,http://short.58.com/zd_p/ab6ff8a8-a6c7-41da-89c9-0ec47c0c978e/?target=fh-16-xgk_ephv_32610535992823q-feykn&end=end
58,整租,宝安西乡坪洲地铁站A出口附近三室一厅出租 家电家私齐,3室1厅1卫,65㎡,径贝新村,西乡,个人,2800,http://short.58.com/zd_p/14436dea-a84c-4b21-9a6e-2c05ca45d05e/?target=fh-16-xgk_hvimob_32273922383166q-feykn&end=end
58,整租,西乡.固戍【 1室0厅1卫,1室0厅1卫,36㎡,None,西乡,个人,1000,http://short.58.com/zd_p/e0d9f07b-f9ab-4fbd-a0cc-277d09b737e0/?target=fh-16-xgk_hvimob_84439174123763q-feykn&end=end
58,整租,翻身地铁口泰富酒店 二楼公寓1室1厅1卫、二房一厅直,1室1厅1卫,35㎡,None,翻身路,个人,1880,http://short.58.com/zd_p/9ac9c852-2cb9-4908-811e-51b47b6ab0cf/?target=fh-16-xgk_hvimob_39652401404713q-feykn&end=end
58,整租,泰华君逸世家 2室1厅1卫,2室1厅1卫,56㎡,泰华君逸世家,宝安中心区,个人,4300,http://short.58.com/zd_p/c6f24f2b-0839-498d-84f4-4c543981ae63/?target=fh-16-xgk_hvimob_32254687573587q-feykn&end=end
58,整租,地铁站A出口 1室0厅1卫,1室0厅1卫,32㎡,None,西乡,个人,800,http://short.58.com/zd_p/5974360b-0560-4e03-81cb-0d8661520172/?target=fh-16-xgk_hvimob_84438388683170q-feykn&end=end
58,整租,万象新天 1室0厅1卫,1室0厅1卫,36㎡,万象新天,西乡,个人,1000,http://short.58.com/zd_p/f50b15bd-4c29-4601-9210-9600cf332a73/?target=fh-16-xgk_hvimob_84447058945459q-feykn&end=end
58,整租,1号线公寓固 1室0厅1卫,1室0厅1卫,30㎡,None,西乡,个人,1000,http://short.58.com/zd_p/c58c1af6-ea9e-4fb9-996f-8e87c98d393c/?target=fh-16-xgk_hvimob_84435180782248q-feykn&end=end
58,整租,富瑰园小区 紧邻港隆城 精装修 2室1厅1卫,2室1厅1卫,90㎡,None,西乡,个人,3800,http://short.58.com/zd_p/0debd73d-6e43-4e77-a729-22580394c30b/?target=fh-16-xgk_hvimob_32204297141267q-feykn&end=end
58,整租,半岛名苑 2室1厅1卫,2室1厅1卫,68㎡,半岛名苑,西乡,个人,3800,http://short.58.com/zd_p/3179a206-95a8-471f-a1cb-d60431b26f24/?target=fh-16-xgk_hvimob_84479971822931q-feykn&end=end
58,整租,宝安西乡坪洲渔业新村精装公寓招租,1室0厅1卫,20㎡,None,西乡,个人,1300,http://short.58.com/zd_p/afc6b534-77e0-483e-b337-1fc794f463bb/?target=fh-16-xgk_hvimob_32776019068119q-feykn&end=end
58,整租,宝安西乡坪洲地铁站A出口附近二室一厅出租 家电家私齐,2室1厅1卫,49㎡,径贝新村,西乡,个人,2300,http://short.58.com/zd_p/2e28a897-fb64-4d6b-9192-1fc32e5a653a/?target=fh-16-xgk_hvimob_32273060332318q-feykn&end=end
58,整租,宝安西乡大益广场 1室0厅 28平米 精装修 押一付,1室0厅1卫,28㎡,大益广场,西乡,个人,800,http://short.58.com/zd_p/1bc6f3ae-3ac0-4552-a859-bdedca984c96/?target=fh-16-xgk_hvimob_39079580293289q-feykn&end=end
58,整租,全新精装公寓 内有免费WIFI 独立厨卫超大阳台家具,1室1厅1卫,58㎡,None,沙井,个人,1000,http://short.58.com/zd_p/8cc663aa-8e63-454c-b2fd-eb708650cb43/?target=fh-16-xgk_hvimob_32928113221738q-feykn&end=end
58,整租,绿海名苑 1室1厅1卫,1室1厅1卫,80㎡,None,西乡,个人,1500,http://short.58.com/zd_p/b3638c1d-874e-41e8-9821-202963771406/?target=fh-16-xgk_hvimob_84479390980195q-feykn&end=end
58,整租,财富港 精装修、全新家具 拎包入住,1室1厅1卫,40㎡,None,宝安,个人,3400,http://short.58.com/zd_p/23601a38-ba78-4b5c-8c46-5fc3bcb07c6a/?target=fh-16-xgk_hvimob_31277356003280q-feykn&end=end
58,整租,翡翠华庭 2室2厅1卫,2室2厅1卫,80㎡,None,新安,个人,5200,http://short.58.com/zd_p/d0aaaa1e-8d45-4afe-8edf-ea74470a3699/?target=fh-16-xgk_hvimob_32285953026477q-feykn&end=end
58,整租,西乡 1室0厅1卫,1室0厅1卫,30㎡,None,西乡,个人,1200,http://short.58.com/zd_p/18b31072-4022-4dc4-95e3-cad1d2a4011d/?target=fh-16-xgk_hvimob_32251824215873q-feykn&end=end
58,整租,固戍（地铁口 1室0厅1卫,1室0厅1卫,28㎡,None,西乡,个人,900,http://short.58.com/zd_p/c481411c-1aea-4967-9ca6-c78bd625117a/?target=fh-16-xgk_hvimob_84438137010141q-feykn&end=end
58,整租,名居绿海名居 4室2厅1卫,4室2厅1卫,110㎡,None,西乡,个人,5000,http://short.58.com/zd_p/092bc368-adc4-4363-a5ea-e87efcea6295/?target=fh-16-xgk_hvimob_84447436547463q-feykn&end=end
58,整租,天虹楼上、花园式小区、带全家电出租,3室2厅2卫,114㎡,宝利豪庭,松岗,个人,4000,http://short.58.com/zd_p/53f3e880-d829-4791-ae20-17ef3d45ef6e/?target=fh-16-xgk_hvimob_32623027609900q-feykn&end=end
58,整租,安源居 3室2厅1卫,3室2厅1卫,85㎡,None,西乡,个人,3800,http://short.58.com/zd_p/bb0e7b6c-df68-48c7-bccd-2588ef21023e/?target=fh-16-xgk_hvimob_32153792034382q-feykn&end=end
58,整租,全新酒店式公寓直租 内有空调热水器 衣柜电脑桌 拎包,1室0厅1卫,35㎡,深圳西部义乌小商品批发城,沙井,个人,600,http://short.58.com/zd_p/412f0aa5-6fc8-44ca-8eda-6835e8d8ae12/?target=fh-16-xgk_hvimob_32243480888323q-feykn&end=end
58,整租,固戍地铁站精 1室0厅1卫,1室0厅1卫,32㎡,None,西乡,个人,1000,http://short.58.com/zd_p/2a43f13c-4f75-4b3a-91b0-890d992e4a8a/?target=fh-16-xgk_hvimob_32289758137123q-feykn&end=end
58,整租,海城新村 全新精装修 2室1厅及1室1厅 60平米,2室1厅1卫,60㎡,None,西乡,个人,2500,http://sz.58.com/zufang/24089361120315x.shtml
58,整租,西乡兴达华府 2室1厅45平米 精装修 拎包入住,2室1厅1卫,45㎡,兴达华府,西乡,个人,3000,http://sz.58.com/zufang/21167705172619x.shtml
58,整租,宝安西乡俊景园 3室2厅 精装修 3600超值入住,3室2厅2卫,117㎡,俊景园,西乡,个人,3600,http://sz.58.com/zufang/20163894137096x.shtml
58,整租,福永福隆居 3室1厅93平米 中等装修 押二付一,3室1厅1卫,98㎡,None,福永,个人,2300,http://sz.58.com/zufang/20705246415881x.shtml
58,整租,沙井濠景城3栋1 3室2厅90平米 精装修 押二付一,3室2厅1卫,90㎡,None,沙井,个人,3600,http://sz.58.com/zufang/21974571311140x.shtml
58,单间,西乡河西 2室1厅1卫 男女不限,主卧(2室),15㎡,None,宝安,个人,450,http://sz.58.com/hezu/24207178056129x.shtml
58,整租,共乐乐善居 2室1厅1卫 60㎡,2室1厅1卫,60㎡,None,西乡,个人,2000,http://sz.58.com/zufang/17908440940418x.shtml
58,单间,龙华大浪下岭 1室 朝南 主卧,主卧(1室),10㎡,None,宝安,个人,400,http://sz.58.com/hezu/18679349523594x.shtml
58,整租,地铁松岗站中海西岸华府 2室1厅 精装修押二付一 随,2室1厅1卫,70㎡,中海西岸华府南区,松岗,个人,2300,http://sz.58.com/zufang/19100399308673x.shtml
58,整租,新富豪庭 2室2厅1卫 78㎡,2室2厅1卫,78㎡,新富豪庭,沙井,个人,2200,http://sz.58.com/zufang/18144688109834x.shtml
58,整租,梅林关口民乐 3室2厅88平米 中等装修 押一付三,3室2厅1卫,88㎡,梅林关口民乐翠园,宝安,个人,3600,http://sz.58.com/zufang/19652260981761x.shtml
58,单间,免中介 宝安中心区径贝新村 2室1厅 次卧 朝南 中,次卧(2室),15㎡,None,宝安中心区,个人,950,http://sz.58.com/hezu/24057342129337x.shtml
58,整租,万科金色领域 2室1厅1卫,2室1厅1卫,78㎡,万科金色领域,福永,个人,4500,http://sz.58.com/zufang/24341262618548x.shtml
58,整租,福围东街 3室2厅1卫,3室2厅1卫,100㎡,None,福永,个人,2800,http://sz.58.com/zufang/25610190995909x.shtml
58,整租,沙井步永新村神通大厦,1室1厅1卫,43㎡,None,沙井,个人,1200,http://sz.58.com/zufang/24057090348217x.shtml
58,整租,(业主直租、拎包入住)宝安中心区金泓凯城4室2厅 精,4室2厅2卫,164㎡,金泓凯旋城,宝安中心区,个人,8500,http://sz.58.com/zufang/20119438130435x.shtml
58,单间,坪洲地铁口 2室1厅 大主卧 790元,主卧(2室),24㎡,None,西乡,个人,790,http://sz.58.com/hezu/24153839122489x.shtml
58,整租,西乡三围汇庭居 2室2厅1卫,2室2厅1卫,75㎡,None,西乡,个人,2900,http://sz.58.com/zufang/22198639522849x.shtml
58,整租,和平里公寓 1室1厅 47平米 精装修 押二付一,1室1厅1卫,47㎡,None,宝安,个人,4000,http://sz.58.com/zufang/25887009290289x.shtml
58,整租,石街新村品尚首居 1室1厅1卫,1室1厅1卫,40㎡,None,西乡,个人,2380,http://sz.58.com/zufang/29969877080748x.shtml
58,单间,坪洲渔业新村一 1室1卫 l厨男女不限,主卧(1室),16㎡,None,西乡,个人,1200,http://sz.58.com/hezu/29448944208194x.shtml
58,整租,臣田村西区 1室1厅1卫,1室1厅1卫,40㎡,None,西乡,个人,1500,http://sz.58.com/zufang/30037298875306x.shtml
58,整租,福永桥南新区 1室1厅1卫,1室1厅1卫,60㎡,None,福永,个人,1900,http://sz.58.com/zufang/25700728172720x.shtml
58,整租,雅仕阁 2室2厅1卫,2室2厅1卫,58㎡,雅仕阁,新安,个人,3000,http://sz.58.com/zufang/30037286050240x.shtml
58,整租,三围社区 1室1厅1卫,1室1厅1卫,26㎡,None,西乡,个人,750,http://sz.58.com/zufang/30035709987522x.shtml
58,整租,上围园新村 1室0厅1卫,1室0厅1卫,22㎡,None,西乡,个人,1000,http://sz.58.com/zufang/30037281080761x.shtml
58,整租,非中介！个人转租！宝安西乡昱景商务酒店 1室 押二付,1室0厅1卫,22㎡,None,西乡,个人,1400,http://sz.58.com/zufang/29913319983177x.shtml
58,整租,地铁口、家电齐全、拎包即可入住,3室2厅1卫,95㎡,None,新安,个人,3800,http://sz.58.com/zufang/29701707700171x.shtml
58,整租,富民新苑后面 1室1厅1卫,1室1厅1卫,50㎡,None,桃源居,个人,1300,http://sz.58.com/zufang/29451472208828x.shtml
58,整租,中海西岸华府北区 4室2厅2卫,4室2厅2卫,160㎡,None,松岗,个人,4800,http://sz.58.com/zufang/30005350400939x.shtml
58,整租,圆岭新村 2室1厅1卫,2室1厅1卫,90㎡,None,石岩,个人,1600,http://sz.58.com/zufang/30037265117098x.shtml
58,整租,凤凰世纪 3室2厅1卫,3室2厅1卫,82㎡,None,福永,个人,2500,http://sz.58.com/zufang/29426828844111x.shtml
58,整租,宝安西乡 金 2室1厅1卫,2室1厅1卫,63.66㎡,None,西乡,个人,4500,http://sz.58.com/zufang/30037261988780x.shtml
58,单间,蚝业雅苑 3室1厅1卫 限男生,主卧(3室),20㎡,None,西乡,个人,1700,http://sz.58.com/hezu/29984870423209x.shtml
58,整租,福中福幸福海岸二期 4室2厅2卫,4室2厅2卫,158㎡,None,宝安中心区,个人,12000,http://sz.58.com/zufang/29617490690508x.shtml
58,单间,宝安区西乡径贝村111栋 1室1厅1卫 限女生,主卧(1室),40㎡,None,西乡,个人,1000,http://sz.58.com/hezu/30037203365183x.shtml
58,单间,3分钟灵芝地铁站、宝安裕安花园,次卧(3室),95㎡,裕安花园(宝安),新安,个人,1200,http://sz.58.com/hezu/29918775804100x.shtml
58,整租,宝安-沙井濠景时代1室1厅1卫1500元、高楼层、视,1室1厅1卫,None,None,沙井,个人,1500,http://sz.58.com/zufang/30037237181512x.shtml
58,整租,御林山景-可办公可住家 4室2厅2卫,4室2厅2卫,150㎡,None,福永,个人,4500,http://sz.58.com/zufang/29540109710772x.shtml
58,单间,宝安宝安中心区中洲中央公园 1室0厅 次卧 朝东南,次卧(1室),18㎡,中洲中央公园,宝安中心区,个人,1600,http://sz.58.com/hezu/24494667458115x.shtml
58,单间,宝安43區 單間 新裝修電梯房近翻新地鐵站107國道,主卧(1室),30㎡,None,翻身路,个人,1100,http://sz.58.com/hezu/29386905029826x.shtml
58,整租,好房业主直租宝安海雅缤纷城君1室1厅50平精装修拎包,1室1厅1卫,50㎡,海雅缤纷城君誉,新安,个人,4800,http://sz.58.com/zufang/26120505310636x.shtml
58,单间,宝安西乡富通蟠龙居 3室2厅 主卧 朝东南 精装修,主卧(3室),15㎡,富通蟠龙居,西乡,个人,1399,http://sz.58.com/hezu/29880369213750x.shtml
58,整租,同和悦圆 4室2厅2卫,4室2厅2卫,90㎡,None,福永,个人,3400,http://sz.58.com/zufang/29852084854187x.shtml
58,整租,宝安43区17巷12-13号 2室1厅1卫,2室1厅1卫,25㎡,None,翻身路,个人,2100,http://sz.58.com/zufang/29803551279667x.shtml
58,整租,宝安区石岩街道德政路春晖苑 3室2厅2卫,3室2厅2卫,116㎡,None,宝安周边,个人,2700,http://sz.58.com/zufang/29361932342186x.shtml
58,单间,上头田村中心一幢4层楼 拎包入住 3室2厅1卫 男女,次卧(3室),120㎡,None,松岗,个人,800,http://sz.58.com/hezu/29383353284161x.shtml
58,整租,天宝路72号 1室1厅1卫,1室1厅1卫,38㎡,None,石岩,个人,1500,http://sz.58.com/zufang/29956459669417x.shtml
58,整租,金港华庭 1室1厅1卫,1室1厅1卫,37㎡,None,西乡,个人,2800,http://sz.58.com/zufang/30037071073449x.shtml
58,整租,地铁站..公寓直租..光线好..房间大..家私齐全,1室0厅1卫,32㎡,None,西乡,个人,800,http://sz.58.com/zufang/29879194983983x.shtml
58,整租,公寓楼 1室0厅1卫,1室0厅1卫,20㎡,None,西乡,个人,1000,http://sz.58.com/zufang/29895438168901x.shtml
58,整租,宝安翻身路新城花园(宝 3室1厅 75平米 中等装修,3室1厅1卫,75㎡,新城花园(宝安),翻身路,个人,4000,http://sz.58.com/zufang/26053648237881x.shtml
58,整租,地铁站A出口 1室0厅1卫,1室0厅1卫,32㎡,None,西乡,个人,800,http://sz.58.com/zufang/29968423619020x.shtml
58,整租,海湾明珠 1室1厅1卫,1室1厅1卫,45㎡,None,西乡,个人,3500,http://sz.58.com/zufang/30037151663439x.shtml
58,整租,流塘新村 2室1厅1卫,2室1厅1卫,24㎡,None,西乡,个人,1780,http://sz.58.com/zufang/30011394289984x.shtml
58,单间,免中介、宝安西乡中信湾上六座 3室2厅 主卧,主卧(3室),90㎡,中信湾上六座花园,西乡,个人,2100,http://sz.58.com/hezu/29779642423621x.shtml
58,单间,富佳苑 3室2厅 次卧 朝北 精装修,次卧(3室),18㎡,None,翻身路,个人,1550,http://sz.58.com/hezu/29984201764536x.shtml
58,整租,《房东招租》酒店式公寓带家电家私拎包入住,1室0厅1卫,30㎡,新安市场,西乡,个人,800,http://sz.58.com/zufang/29139987440173x.shtml
58,整租,中洲中央公园 主卧2000元 首月减免1000元,1室0厅1卫,15㎡,中洲中央公园,宝安中心区,个人,1500,http://sz.58.com/zufang/29460229103925x.shtml
58,整租,文汇花园 3室2厅1卫,3室2厅1卫,93㎡,None,新安,个人,3800,http://sz.58.com/zufang/30037023285555x.shtml
58,单间,1室1厅1卫 男女不限,主卧(1室),70㎡,None,沙井,个人,530,http://sz.58.com/hezu/30037140024767x.shtml
58,整租,蒂文娜公馆 1室1厅1卫,1室1厅1卫,30㎡,None,新安,个人,2350,http://sz.58.com/zufang/30036586362930x.shtml
58,整租,宝安沙井德馨苑 4室2厅 150平米 中等装修 押二,4室2厅3卫,150㎡,德馨苑,沙井,个人,3100,http://sz.58.com/zufang/29500442450380x.shtml
58,整租,固戍花园旁全 1室0厅1卫,1室0厅1卫,20㎡,None,西乡,个人,800,http://sz.58.com/zufang/30034345649463x.shtml
58,整租,庆华花园 3室1厅1卫,3室1厅1卫,65㎡,None,翻身路,个人,3600,http://sz.58.com/zufang/29990845860166x.shtml
58,整租,固戍地铁口精装修两房 个人出租 实拍图片,2室2厅1卫,78㎡,雅庭苑(宝安大道),西乡,个人,3200,http://sz.58.com/zufang/29860738100814x.shtml
58,单间,宝安宝安中心区西城上筑 3室1厅 次卧 朝东 精装修,次卧(3室),13㎡,None,宝安中心区,个人,2000,http://sz.58.com/hezu/29790937126721x.shtml
58,单间,理想居 3室1厅 次卧 朝南 精装修,次卧(3室),11㎡,理想居,翻身路,个人,1730,http://sz.58.com/hezu/30033865217475x.shtml
58,单间,坪洲地铁站A出口华侨新村西提三巷18号 3室1厅1卫,次卧(3室),55㎡,None,西乡,个人,1100,http://sz.58.com/hezu/30037118097983x.shtml
58,整租,兴发花园 1室1厅1卫,1室1厅1卫,40㎡,None,西乡,个人,1100,http://sz.58.com/zufang/29152281052718x.shtml
58,整租,西乡-固戍时尚酒店 1室0厅 25平米 精装修 押二,1室0厅1卫,25㎡,None,西乡,个人,980,http://sz.58.com/zufang/29882760000937x.shtml
58,单间,包家私、拎包入住、固戍二路与宝源路交汇处、裕兴花园旁,主卧(1室),23㎡,None,宝安周边,个人,750,http://sz.58.com/hezu/29360115268548x.shtml
58,整租,万象新天 1室0厅1卫,1室0厅1卫,35㎡,万象新天,西乡,个人,1000,http://sz.58.com/zufang/29946316002616x.shtml
58,单间,实拍图、个人出租 翻身地铁附近小区房、家电齐全,次卧(4室),10㎡,None,翻身路,个人,1000,http://sz.58.com/hezu/29414585105865x.shtml
58,整租,万科翡丽郡一 3室2厅1卫,3室2厅1卫,86㎡,万科翡丽郡一期,沙井,个人,3400,http://sz.58.com/zufang/30037086006210x.shtml
58,整租,固戍下围园新村 2室1厅1卫,2室1厅1卫,85㎡,None,西乡,个人,1400,http://sz.58.com/zufang/29915072521673x.shtml
58,整租,华侨新村 1室1厅1卫,1室1厅1卫,40㎡,None,西乡,个人,850,http://sz.58.com/zufang/29959925150001x.shtml
58,整租,房东直租！采光通风非常好、电梯房、看房方便,1室0厅1卫,25㎡,西乡固戍社区,西乡,个人,800,http://sz.58.com/zufang/29870286461648x.shtml
58,整租,青壳公寓 1室0厅1卫,1室0厅1卫,20㎡,None,石岩,个人,1200,http://sz.58.com/zufang/29814819389260x.shtml
58,整租,福永商会信息大厦 2室1厅1卫,2室1厅1卫,90㎡,None,福永,个人,3500,http://sz.58.com/zufang/29959817917498x.shtml
58,整租,金达花园 2室2厅1卫,2室2厅1卫,68㎡,None,西乡,个人,3100,http://sz.58.com/zufang/30034007562169x.shtml
58,整租,碧海富通城六 3室2厅1卫,3室2厅1卫,85㎡,碧海富通城六期,西乡,个人,5800,http://sz.58.com/zufang/30037057818430x.shtml
58,整租,雅庭苑(宝安 3室1厅1卫,3室1厅1卫,89㎡,雅庭苑(宝安大道),西乡,个人,3600,http://sz.58.com/zufang/30037062949453x.shtml
58,单间,宝安西乡万象新天 1室1厅 主卧 朝南北 精装修,主卧(1室),15㎡,万象新天,西乡,个人,500,http://sz.58.com/hezu/30014666397390x.shtml
58,整租,特惠房源 固戍地铁F出口旁 全新电梯公寓房东首租 免,1室0厅1卫,22㎡,None,西乡,个人,800,http://sz.58.com/zufang/29616083179721x.shtml
58,整租,宝安-西乡盐田南区新一村一排四号1室0厅1卫800元,1室0厅1卫,None,None,西乡,个人,800,http://sz.58.com/zufang/29812903321515x.shtml
58,整租,全新单房一房一厅、两房一厅招租 1室1厅1卫,1室1厅1卫,35㎡,None,西乡,个人,1100,http://sz.58.com/zufang/30037052964162x.shtml
58,整租,宝安中心区幸福海 精装修3室2厅寻租,3室2厅2卫,108㎡,福中福幸福海岸,宝安中心区,个人,8000,http://sz.58.com/zufang/29771873478349x.shtml
58,整租,上合花园 1室0厅1卫,1室0厅1卫,25㎡,上合花园,新安,个人,2350,http://sz.58.com/zufang/30037046574029x.shtml
58,整租,美鹿公寓 1室1厅1卫,1室1厅1卫,48㎡,None,松岗,个人,2480,http://sz.58.com/zufang/30037038937654x.shtml
58,整租,雅庭苑(宝安 3室2厅2卫,3室2厅2卫,108㎡,雅庭苑(宝安大道),西乡,个人,4100,http://sz.58.com/zufang/30025269041360x.shtml
58,整租,美华商务大厦 1室0厅1卫,1室0厅1卫,35㎡,None,石岩,个人,800,http://sz.58.com/zufang/29969301684787x.shtml
58,单间,一电科技公交站台附近宝安-石岩主卧800元/月,主卧(1室),28㎡,None,石岩,个人,800,http://sz.58.com/hezu/30037019215303x.shtml
58,整租,鼎尚时代 1室1厅1卫,1室1厅1卫,45㎡,鼎尚时代,西乡,个人,1200,http://sz.58.com/zufang/30025985688899x.shtml
58,整租,都市翠海花苑 1室0厅1卫,1室0厅1卫,24㎡,None,新安,个人,2000,http://sz.58.com/zufang/29935622439091x.shtml
58,整租,都市田园公寓 1室1厅1卫,1室1厅1卫,20㎡,None,新安,个人,1700,http://sz.58.com/zufang/29948696078130x.shtml
58,整租,上合花园 3室2厅2卫,3室2厅2卫,120㎡,上合花园,新安,个人,5500,http://sz.58.com/zufang/30023929580986x.shtml
58,整租,鼎尚时代 1室0厅1卫,1室0厅1卫,30㎡,鼎尚时代,西乡,个人,1000,http://sz.58.com/zufang/30025935161021x.shtml
58,单间,西乡天虹楼上合正汇一城上下床出租,主卧(4室以上),10㎡,合正汇一城,西乡,个人,950,http://sz.58.com/hezu/30036995456330x.shtml
58,整租,石岩新村180栋 1室1厅1卫,1室1厅1卫,30㎡,None,石岩,个人,750,http://sz.58.com/zufang/29957629050426x.shtml
58,整租,固戍沙湾新村 1室0厅1卫,1室0厅1卫,20㎡,None,西乡,个人,800,http://sz.58.com/zufang/30036994265421x.shtml
58,整租,西乡固戍海滨新村 2室1厅 50平米 精装修 押二付,2室1厅1卫,50㎡,None,西乡,个人,2500,http://sz.58.com/zufang/29658038874678x.shtml
58,整租,新安湖花园 2室1厅1卫,2室1厅1卫,70㎡,None,新安,个人,4200,http://sz.58.com/zufang/29967687301050x.shtml
58,单间,宝安西乡宝安西乡坪洲 2室1厅 主卧 朝南 中等装修,主卧(2室),8㎡,None,西乡,个人,800,http://sz.58.com/hezu/29935155537599x.shtml
58,单间,翠景花园(宝安) 2室1厅1卫 单间出租,主卧(2室),60㎡,None,西乡,个人,700,http://sz.58.com/hezu/30036974839503x.shtml
58,整租,温馨小房忍痛转让 1室0厅1卫,1室0厅1卫,18㎡,None,西乡,个人,800,http://sz.58.com/zufang/30018909435316x.shtml
58,整租,宏发美域 3室2厅1卫,3室2厅1卫,108㎡,宏发美域,宝安周边,个人,4200,http://sz.58.com/zufang/30036951688637x.shtml
58,整租,宝安西乡金港华庭 2室2厅 65平米 精装修 押二付,2室2厅1卫,65㎡,金港华庭,西乡,个人,4500,http://sz.58.com/zufang/29927122723516x.shtml
58,单间,低调奢侈有内涵！财富一房一厅出租了！随时可看！家私家,主卧(1室),40㎡,财富港,西乡,个人,3400,http://sz.58.com/hezu/30036947849420x.shtml
58,单间,太和公寓 男女不限,主卧(1室),38㎡,None,石岩,个人,745,http://sz.58.com/hezu/28541322639312x.shtml
58,单间,西城丰和 招合租3室2厅2卫 两次卧 豪华装修/无中,次卧(3室),110㎡,None,西乡,个人,1550,http://sz.58.com/hezu/29732058082477x.shtml
58,整租,业主出租宝安中心区西城上筑三房,3室2厅1卫,90㎡,西城上筑,宝安中心区,个人,6300,http://sz.58.com/zufang/25559409886160x.shtml
58,整租,万象新天 1室0厅1卫,1室0厅1卫,36㎡,万象新天,西乡,个人,1000,http://sz.58.com/zufang/30001547776965x.shtml
58,单间,第5大道高发西岸花园 男女不限,次卧(4室以上),12㎡,None,新中心区,个人,1600,http://sz.58.com/hezu/30036908921795x.shtml
58,整租,宝田雅苑 2室2厅1卫,2室2厅1卫,54㎡,宝田雅苑,西乡,个人,4000,http://sz.58.com/zufang/30036898811715x.shtml
58,整租,房东出租 固戍地铁站南航明珠 四房 拎包入住,4室2厅2卫,118㎡,南航明珠花园,西乡,个人,5600,http://sz.58.com/zufang/29481979332044x.shtml
58,单间,宝安西乡麻布新村 2室1厅 次卧 朝南 简单装修,次卧(2室),8㎡,麻布新村,西乡,个人,1100,http://sz.58.com/hezu/26919653772365x.shtml
58,整租,个人出租 宝安西乡万菱NEW寓 107国道旁,1室0厅1卫,37㎡,万菱NEW寓,西乡,个人,2300,http://sz.58.com/zufang/29592207844674x.shtml
58,单间,南头关口科技园边地铁站独立阳台花园小区电梯房,主卧(4室以上),30㎡,中南花园,宝安中心区,个人,1599,http://sz.58.com/hezu/29581382583881x.shtml
58,单间,出租西乡圣淘沙骏园 单间 主卧 朝南 精装修,主卧(1室),20㎡,圣淘沙骏园,西乡,个人,2000,http://sz.58.com/hezu/29912906581675x.shtml
58,单间,宝安中心区地铁口 高档花园 宏发领域花园 次卧,次卧(1室),16㎡,宏发领域花园一期,宝安中心区,个人,1800,http://sz.58.com/hezu/28610037341383x.shtml
58,整租,花样年花乡 1室0厅1卫,1室0厅1卫,35㎡,None,宝安中心区,个人,2700,http://sz.58.com/zufang/30036629315012x.shtml
58,整租,中粮鸿云 4室2厅1卫,4室2厅1卫,158㎡,中粮鸿云,西乡,个人,6800,http://sz.58.com/zufang/30036868253876x.shtml
58,单间,转租光明顶公寓宝安-新安主卧1750元/月,主卧(1室),30㎡,None,新安,个人,1750,http://sz.58.com/hezu/30036849353280x.shtml
58,整租,锦欣花园 3室2厅2卫,3室2厅2卫,143㎡,None,西乡,个人,5000,http://sz.58.com/zufang/30032988833487x.shtml
58,整租,元径小区 4室2厅1卫,4室2厅1卫,140㎡,None,石岩,个人,2500,http://sz.58.com/zufang/29791926305723x.shtml
58,整租,碧海中心富通六期、自住三房出租 3室2厅2卫,3室2厅2卫,98㎡,None,西乡,个人,6000,http://sz.58.com/zufang/30027350900034x.shtml
58,整租,润恒尚园 3室1厅 80平米 精装修 押二付一,3室1厅1卫,80㎡,润恒尚园,西乡,个人,5000,http://sz.58.com/zufang/25003139282500x.shtml
58,单间,1室1厅1卫 男女不限,主卧(1室),80㎡,None,福永,个人,300,http://sz.58.com/hezu/30036832187466x.shtml
58,单间,海湾明珠花园 双地铁 独卫 小区单间,隔断(1室),15㎡,海湾明珠花园,西乡,个人,1800,http://sz.58.com/hezu/30036824113595x.shtml
58,整租,泰华俊庭 2室1厅1卫,2室1厅1卫,62㎡,None,翻身路,个人,4500,http://sz.58.com/zufang/29951300196176x.shtml
58,整租,西乡臣田村电 2室1厅1卫,2室1厅1卫,50㎡,None,西乡,个人,1900,http://sz.58.com/zufang/30036810984119x.shtml
58,整租,宝安-西乡塘东光电大厦1室0厅1卫1800元,1室0厅1卫,None,None,西乡,个人,1800,http://sz.58.com/zufang/30036817180095x.shtml
58,整租,星窝公寓 1室1厅1卫,1室1厅1卫,40㎡,None,西乡,个人,2300,http://sz.58.com/zufang/30036788752973x.shtml
58,单间,坪洲附近西乡步行街宝宝大道3100,次卧(3室),130㎡,None,西乡,个人,750,http://sz.58.com/hezu/30036790476972x.shtml
58,单间,宝安区翻身路 3室1厅 次卧,次卧(3室),25㎡,None,翻身路,个人,1300,http://sz.58.com/hezu/26186064026176x.shtml
58,整租,宝安沙井裕富苑精致2房 酒店公寓配置 全套宜家家私,2室1厅1卫,46㎡,裕富苑,沙井,个人,2500,http://sz.58.com/zufang/25362358472763x.shtml
58,整租,宝安35区上川公寓首次出租 1室0厅1卫,1室0厅1卫,25㎡,None,宝安中心区,个人,2350,http://sz.58.com/zufang/30036749980994x.shtml
58,整租,宝安西乡南沙新村中八巷十栋 1室0厅1卫,1室0厅1卫,28㎡,None,西乡,个人,1000,http://sz.58.com/zufang/30036744843699x.shtml
58,整租,西城上筑花园 2室2厅1卫,2室2厅1卫,75㎡,None,宝安中心区,个人,5900,http://sz.58.com/zufang/29694615581231x.shtml
58,单间,大单间！只要2700！家私家电齐全！随时可看！,主卧(1室),34㎡,宝田雅苑,西乡,个人,2700,http://sz.58.com/hezu/30036733840074x.shtml
58,整租,西乡固戌地铁附近 精装一室一厅 带电梯 拎包入住 押,1室1厅1卫,38㎡,None,西乡,个人,1200,http://sz.58.com/zufang/29111705318977x.shtml
58,整租,宝安新安TATA公寓 1房 精装修带电梯 随时看房,1室0厅1卫,32㎡,TATA公寓,新安,个人,2400,http://sz.58.com/zufang/29916287898665x.shtml
58,整租,塘头村 1室0厅1卫,1室0厅1卫,31㎡,None,石岩,个人,1000,http://sz.58.com/zufang/30036736009420x.shtml
58,整租,深业新岸线 4室2厅2卫,4室2厅2卫,135㎡,None,宝安中心区,个人,7900,http://sz.58.com/zufang/29797542694953x.shtml
58,整租,上屋置业广场 3室2厅2卫,3室2厅2卫,136㎡,None,石岩,个人,4000,http://sz.58.com/zufang/29613499994805x.shtml
58,整租,圣源华庭 4室2厅2卫,4室2厅2卫,130㎡,圣源华庭,西乡,个人,6600,http://sz.58.com/zufang/29926913280684x.shtml
58,整租,宝安-福永福永大洋路凤城花园1室1厅1卫1550元,1室1厅1卫,None,None,福永,个人,1550,http://sz.58.com/zufang/30036710620082x.shtml
58,整租,宝安宝安中心区 西岸观邸 4房 精装修 不收出租,4室2厅1卫,97㎡,西岸观邸,宝安中心区,个人,6300,http://sz.58.com/zufang/29834912730954x.shtml
58,整租,壹家公寓 1室1厅 45平米 押二付一,1室1厅1卫,45㎡,None,沙井,个人,1650,http://sz.58.com/zufang/29869155583177x.shtml
58,整租,西乡步行街 坪洲附近 3室1厅1卫,3室1厅1卫,130㎡,None,西乡,个人,750,http://sz.58.com/zufang/29924760266431x.shtml
58,整租,精装修公寓楼 带家私家电 拎包直接入住,1室1厅1卫,30㎡,None,翻身路,个人,1250,http://sz.58.com/zufang/29536451854540x.shtml
58,整租,同富雅苑 2室1厅1卫,2室1厅1卫,85㎡,None,沙井,个人,1450,http://sz.58.com/zufang/30011966401848x.shtml
58,整租,马安山地铁站 1室0厅1卫,1室0厅1卫,30㎡,None,沙井,个人,900,http://sz.58.com/zufang/30036699961935x.shtml
58,整租,宝安-福永福永街道政丰路建筑大厦3室2厅2卫4200,3室2厅2卫,None,None,福永,个人,4200,http://sz.58.com/zufang/29823789802052x.shtml
58,整租,海雅缤纷城君誉 2室2厅1卫,2室2厅1卫,78㎡,None,新安,个人,6500,http://sz.58.com/zufang/30004988508604x.shtml
58,整租,宝安35区全新公寓首次出租 1室0厅1卫,1室0厅1卫,25㎡,None,宝安,个人,2180,http://sz.58.com/zufang/30036649733042x.shtml
58,单间,小资情调！高端大气上档次！,次卧(2室),12㎡,松茂御龙湾,西乡,个人,1860,http://sz.58.com/hezu/30036670280381x.shtml
58,单间,宝安新安(单间出租) 次卧 朝南 中等装修拎包入住,次卧(3室),20㎡,None,新安,个人,1800,http://sz.58.com/hezu/29984038214476x.shtml
58,整租,间头新村 1室1厅1卫,1室1厅1卫,30㎡,None,桃源居,个人,1550,http://sz.58.com/zufang/30036662480848x.shtml
58,整租,双龙花园 3室2厅1卫,3室2厅1卫,80㎡,双龙花园,西乡,个人,3400,http://sz.58.com/zufang/30036641468854x.shtml
58,单间,宝安新安华天花园 '次卧出租 '朝南 中等装修、拎包,次卧(1室),20㎡,华天花园,新安,个人,1800,http://sz.58.com/hezu/29983958216249x.shtml
58,整租,宝安固戍君悦居公寓拎包入住业主直租 1室1厅1卫,1室1厅1卫,30㎡,None,西乡,个人,1480,http://sz.58.com/zufang/29815336150582x.shtml
58,单间,宝安新安泰华花园 3室2厅 次卧 朝西南 中等装修,次卧(3室),20㎡,泰华花园,新安,个人,775,http://sz.58.com/hezu/25361294138562x.shtml
58,整租,卡罗社区 1室1厅1卫,1室1厅1卫,52㎡,None,西乡,个人,4100,http://sz.58.com/zufang/29828655713091x.shtml
58,整租,财富港 1室1厅1卫,1室1厅1卫,40㎡,财富港,西乡,个人,3400,http://sz.58.com/zufang/30036629222206x.shtml
58,整租,西乡-宝安名城花园3室2厅1卫3300元,3室2厅1卫,None,名城花园,西乡,个人,3300,http://sz.58.com/zufang/30027829737289x.shtml
58,整租,怀德公元 3室2厅1卫,3室2厅1卫,90㎡,怀德公元,福永,个人,5000,http://sz.58.com/zufang/30036617774008x.shtml
58,整租,名居绿海名居 4室2厅1卫,4室2厅1卫,100㎡,None,西乡,个人,5000,http://sz.58.com/zufang/29953445972683x.shtml
58,整租,凤凰雅居 2室1厅1卫,2室1厅1卫,47㎡,None,桃源居,个人,3100,http://sz.58.com/zufang/30036601655880x.shtml
58,单间,富通V都会瑞祥局 3室1厅1卫 男女不限,次卧(3室),94㎡,None,西乡,个人,1500,http://sz.58.com/hezu/26278542377651x.shtml
58,单间,宝安西乡泰华阳光海湾 4室1厅 次卧 朝东南 精装修,次卧(4室),12㎡,泰华阳光海湾,西乡,个人,2230,http://sz.58.com/hezu/30036599013702x.shtml
58,整租,坪洲渔业新村 1室0厅1卫,1室0厅1卫,16㎡,None,西乡,个人,1200,http://sz.58.com/zufang/29956849198250x.shtml
58,单间,万科翡丽郡四 3室2厅 次卧 朝南 豪华装修,次卧(3室),89㎡,None,沙井,个人,1600,http://sz.58.com/hezu/30003844171574x.shtml
58,整租,西乡-宝安领航城三期4室2厅1卫5000元,4室2厅1卫,None,领航城三期,西乡,个人,5000,http://sz.58.com/zufang/30036594126276x.shtml
58,整租,中粮商务公园 1室1厅 46平米 押二付一,1室1厅1卫,46㎡,中粮商务公园,新安,个人,3600,http://sz.58.com/zufang/28674915149391x.shtml
58,整租,直租固戍地铁站 宝安西乡雅庭苑 3室2厅 95平米,3室2厅1卫,95㎡,雅庭苑,西乡,个人,3500,http://sz.58.com/zufang/29557980384553x.shtml
58,整租,臣田工业区 1室1厅1卫,1室1厅1卫,30㎡,None,西乡,个人,750,http://sz.58.com/zufang/29661662947644x.shtml
58,整租,怡华新村 1室1厅1卫,1室1厅1卫,60㎡,None,翻身路,个人,1800,http://sz.58.com/zufang/30004607088170x.shtml
58,整租,汉隆公寓 1室0厅1卫,1室0厅1卫,25㎡,None,西乡,个人,800,http://sz.58.com/zufang/30002489185219x.shtml
58,整租,全新精装修公寓、独立卫浴带阳台、交通便利 1室0厅1,1室0厅1卫,25㎡,None,新安,个人,2380,http://sz.58.com/zufang/30036556976574x.shtml
58,整租,万象新天 1室0厅1卫,1室0厅1卫,30㎡,万象新天,西乡,个人,1000,http://sz.58.com/zufang/30014307152819x.shtml
58,整租,南航明珠花园 4室2厅2卫,4室2厅2卫,118㎡,南航明珠花园,西乡,个人,5500,http://sz.58.com/zufang/30001471677252x.shtml
58,整租,个人急租 宝安西乡万菱NEW寓 1室0厅 38平米,1室0厅1卫,38㎡,万菱NEW寓,西乡,个人,2500,http://sz.58.com/zufang/29781937385772x.shtml
58,单间,西城丰和 招合租 3室2厅 次卧 朝东南 豪华装修,次卧(3室),110㎡,None,西乡,个人,1550,http://sz.58.com/hezu/29732242717619x.shtml
58,单间,高端大气上档次的财富港招租了！一房一厅40平！,主卧(1室),40㎡,财富港,西乡,个人,3400,http://sz.58.com/hezu/30036710187975x.shtml
58,整租,美鹿公寓 1室1厅1卫,1室1厅1卫,48㎡,None,松岗,个人,2480,http://sz.58.com/zufang/30036578765629x.shtml
58,整租,万象新天 1室0厅1卫,1室0厅1卫,35㎡,万象新天,西乡,个人,1000,http://sz.58.com/zufang/30014166855627x.shtml
58,整租,万象新天 1室0厅1卫,1室0厅1卫,35㎡,万象新天,西乡,个人,950,http://sz.58.com/zufang/29957567328435x.shtml
58,整租,万象新天 1室0厅1卫,1室0厅1卫,30㎡,万象新天,西乡,个人,1000,http://sz.58.com/zufang/30014116250444x.shtml
58,整租,宝安西乡万象新天 1室0厅 30平米 精装修 拎包入,1室0厅1卫,30㎡,万象新天,西乡,个人,1000,http://sz.58.com/zufang/29906866665672x.shtml
58,整租,万象新天 1室0厅1卫,1室0厅1卫,35㎡,万象新天,西乡,个人,1000,http://sz.58.com/zufang/30015629183672x.shtml
58,整租,万象新天 1室0厅1卫,1室0厅1卫,30㎡,万象新天,西乡,个人,950,http://sz.58.com/zufang/30026014417098x.shtml
58,整租,万象新天 1室0厅1卫,1室0厅1卫,35㎡,万象新天,西乡,个人,1000,http://sz.58.com/zufang/30025869913399x.shtml
58,整租,财富港 1室1厅 42平米 精装修 押二付一,1室1厅1卫,42㎡,财富港,西乡,个人,3000,http://sz.58.com/zufang/29694664043076x.shtml
58,整租,罗租日新百货 1室0厅1卫,1室0厅1卫,12㎡,None,石岩,个人,650,http://sz.58.com/zufang/29950849123269x.shtml
58,整租,麻布新村 2室1厅1卫,2室1厅1卫,30㎡,None,西乡,个人,2500,http://sz.58.com/zufang/30036542118966x.shtml
58,整租,流塘阳光 2室1厅1卫,2室1厅1卫,45㎡,流塘阳光,西乡,个人,3600,http://sz.58.com/zufang/30025889907645x.shtml
58,整租,福中福花园 2室1厅1卫,2室1厅1卫,74㎡,福中福花园,宝安中心区,个人,3800,http://sz.58.com/zufang/30036530634945x.shtml
58,整租,西荟城三期 3室2厅2卫,3室2厅2卫,88㎡,西荟城三期,沙井,个人,3500,http://sz.58.com/zufang/30036523854007x.shtml
58,整租,TATA公寓 1室0厅1卫,1室0厅1卫,32㎡,None,新安,个人,2300,http://sz.58.com/zufang/30015123579185x.shtml
58,整租,固戍联晟百货青年公寓 1室0厅1卫,1室0厅1卫,22㎡,None,西乡,个人,900,http://sz.58.com/zufang/29904538590538x.shtml
58,整租,WARM+我们家公寓(大益家) 1室0厅1卫,1室0厅1卫,22㎡,None,西乡,个人,1600,http://sz.58.com/zufang/30036473353930x.shtml
58,单间,房主直租岭下花园 3室2厅 次卧1400,次卧(3室),15㎡,None,新安,个人,1400,http://sz.58.com/hezu/29846636075827x.shtml
58,整租,固戍梧桐岛 26平米精装大单间 电梯房 火爆出租 1,1室0厅1卫,26㎡,None,西乡,个人,900,http://sz.58.com/zufang/30036474658367x.shtml
58,整租,马山头村 3室2厅2卫,3室2厅2卫,85㎡,None,石岩,个人,1000,http://sz.58.com/zufang/30036471572012x.shtml
58,整租,石岩阳台山庄3室2厅1卫3300元,3室2厅1卫,1000㎡,阳台山庄,石岩,个人,3300,http://sz.58.com/zufang/29685102874437x.shtml
58,整租,中信领航 4室2厅2卫,4室2厅2卫,136㎡,中信领航,西乡,个人,4600,http://sz.58.com/zufang/30036465352387x.shtml
58,单间,海云轩次卧室转急,次卧(4室以上),12㎡,None,新安,个人,1600,http://sz.58.com/hezu/29371913396413x.shtml
58,整租,桃源居 1室1厅1卫,1室1厅1卫,58㎡,None,西乡,个人,2900,http://sz.58.com/zufang/29660950032429x.shtml
58,整租,勤诚达22世 3室1厅1卫,3室1厅1卫,85㎡,勤诚达22世纪,宝安中心区,个人,6200,http://sz.58.com/zufang/29946776562621x.shtml
58,整租,天健时尚空间 2室1厅1卫,2室1厅1卫,35.5㎡,None,宝安中心区,个人,4500,http://sz.58.com/zufang/30036436979534x.shtml
58,整租,迎客松公寓转租 1室0厅1卫,1室0厅1卫,25㎡,None,桃源居,个人,900,http://sz.58.com/zufang/30036433223863x.shtml
58,整租,博雅公寓 3室1厅2卫,3室1厅2卫,120㎡,None,松岗,个人,2200,http://sz.58.com/zufang/30004628400554x.shtml
58,整租,固戍地铁口附近 精装公寓 1室1厅1卫,1室1厅1卫,30㎡,None,西乡,个人,1880,http://sz.58.com/zufang/29705639630412x.shtml
58,整租,沙井街道办附 2室1厅1卫,2室1厅1卫,52㎡,None,沙井,个人,1280,http://sz.58.com/zufang/30036421061802x.shtml
58,整租,恒丰工业城 2室1厅 50平米 精装修 押一付三,2室1厅1卫,50㎡,None,桃源居,个人,2680,http://sz.58.com/zufang/29814953397954x.shtml
58,整租,轻铁花园 1室1厅1卫,1室1厅1卫,35㎡,None,西乡,个人,1050,http://sz.58.com/zufang/29903183462602x.shtml
58,整租,商会信息大厦 1室0厅1卫,1室0厅1卫,28㎡,None,福永,个人,550,http://sz.58.com/zufang/30024886327886x.shtml
58,单间,万象新天一期 3室1厅1卫 次卧出租 房租1350,次卧(3室),18㎡,None,西乡,个人,1350,http://sz.58.com/hezu/29839187337419x.shtml
58,整租,水口花园 1室1厅1卫,1室1厅1卫,30㎡,None,宝安中心区,个人,1600,http://sz.58.com/zufang/30036390247990x.shtml
58,整租,雅居苑 2室2厅1卫,2室2厅1卫,83㎡,None,西乡,个人,3400,http://sz.58.com/zufang/29949854920014x.shtml
58,整租,宝安西乡翠景居 1室0厅 37平米 精装修 个人,1室0厅1卫,37㎡,翠景居,西乡,个人,2300,http://sz.58.com/zufang/29857904423217x.shtml
58,整租,西乡固戍航城 1室0厅1卫,1室0厅1卫,30㎡,None,西乡,个人,2380,http://sz.58.com/zufang/30012121159100x.shtml
58,整租,南航明珠花园 3室2厅1卫,3室2厅1卫,88㎡,南航明珠花园,西乡,个人,4500,http://sz.58.com/zufang/30014185092679x.shtml
58,整租,博雅公寓 3室1厅2卫,3室1厅2卫,120㎡,None,松岗,个人,2200,http://sz.58.com/zufang/30036384573482x.shtml
58,单间,急需转租：盛辉大厦精装公寓1400元/月,主卧,None,None,西乡,个人,1400,http://sz.58.com/hezu/30036373525418x.shtml
58,整租,新乐花园 2室2厅1卫,2室2厅1卫,100㎡,None,宝安中心区,个人,2600,http://sz.58.com/zufang/29980515688766x.shtml
58,单间,宝安翻身路常富楼智恒产业园对面 1室1厅 主卧 简单,主卧(1室),25㎡,None,翻身路,个人,1300,http://sz.58.com/hezu/29968569432637x.shtml
58,整租,全新万菱公萬 1室0厅1卫,1室0厅1卫,37㎡,None,西乡,个人,1800,http://sz.58.com/zufang/30036371962674x.shtml
58,单间,宝安西乡华盛公寓 1室0厅 主卧 朝西南 简单装修,主卧(1室),32㎡,None,西乡,个人,1000,http://sz.58.com/hezu/29527791547591x.shtml
58,整租,宝安固戍君悦居公寓拎包入住业主直租 1室1厅1卫,1室1厅1卫,30㎡,None,西乡,个人,1580,http://sz.58.com/zufang/29619051490601x.shtml
58,整租,西乡大益公馆 2室1厅1卫,2室1厅1卫,60㎡,None,西乡,个人,2600,http://sz.58.com/zufang/30017049004748x.shtml
58,整租,爱尚 1室1厅1卫,1室1厅1卫,36㎡,None,沙井,个人,1000,http://sz.58.com/zufang/29787324486461x.shtml
58,整租,宝安西乡南沙新村中八巷十号 1室1厅1卫,1室1厅1卫,28㎡,None,西乡,个人,1000,http://sz.58.com/zufang/30036240466878x.shtml
58,单间,翻身地铁口 泰华俊庭 2室2厅1卫 限女生,主卧(2室),15㎡,None,翻身路,个人,2000,http://sz.58.com/hezu/29985459625913x.shtml
58,单间,合租男女不限 个人直租,次卧(3室),30㎡,None,西乡,个人,700,http://sz.58.com/hezu/29979164977871x.shtml
58,整租,福永同泰时代公寓 1室1厅1卫,1室1厅1卫,53㎡,None,福永,个人,3200,http://sz.58.com/zufang/29674758261675x.shtml
58,整租,宝安新村 4室2厅2卫,4室2厅2卫,130㎡,宝安新村,新安,个人,4500,http://sz.58.com/zufang/29906666706605x.shtml
58,整租,固戍福华大厦 1室1厅1卫,1室1厅1卫,40㎡,None,西乡,个人,1800,http://sz.58.com/zufang/29981408383032x.shtml
58,整租,宝安-西乡丽景城2室1厅1卫4000元,2室1厅1卫,71㎡,None,西乡,个人,4000,http://sz.58.com/zufang/26817182874563x.shtml
58,单间,南航明珠花园 4室2厅2卫 男女不限,主卧(4室),120㎡,None,桃源居,个人,1700,http://sz.58.com/hezu/30036279601962x.shtml
58,整租,固戍海滨新村二区一巷四号501 1室0厅1卫,1室0厅1卫,40㎡,None,西乡,个人,1000,http://sz.58.com/zufang/29924201980733x.shtml
58,整租,宝安西乡财富港 精装两房一厅 业主直租 免 看房随时,2室1厅1卫,48㎡,财富港,西乡,个人,4000,http://sz.58.com/zufang/29739345804738x.shtml
58,整租,前进沃尔玛公寓出租 1室0厅1卫,1室0厅1卫,30㎡,None,翻身路,个人,2350,http://sz.58.com/zufang/30026166154683x.shtml
58,整租,宝安西乡西乡海乐花园 2室1厅 40平米 简单装修,2室1厅1卫,40㎡,西乡海乐花园,西乡,个人,2500,http://sz.58.com/zufang/29868408542798x.shtml
58,整租,财富港2房1厅1卫 家电齐全 2室1厅1卫,2室1厅1卫,46㎡,None,西乡,个人,4200,http://sz.58.com/zufang/29763671979335x.shtml
58,整租,西乡马鞍山小区 1室1厅1卫,1室1厅1卫,45㎡,None,西乡,个人,1500,http://sz.58.com/zufang/30016175137613x.shtml
58,整租,宝安西乡弘雅花园丽景 3室2厅 95平米 精装修 押,3室2厅2卫,95㎡,弘雅花园丽景城,西乡,个人,5200,http://sz.58.com/zufang/29859632980393x.shtml
58,整租,宝安西乡圣源华庭 4室2厅 125平米 随时看房 马,4室2厅2卫,125㎡,圣源华庭,西乡,个人,6600,http://sz.58.com/zufang/29881599053767x.shtml
58,整租,马安山地铁口精装新装修公寓首租 1室1厅1卫,1室1厅1卫,36㎡,None,沙井,个人,900,http://sz.58.com/zufang/30036254828615x.shtml
58,整租,前进沃尔玛公寓出租 1室0厅1卫,1室0厅1卫,30㎡,None,翻身路,个人,2350,http://sz.58.com/zufang/30026166154683x.shtml
58,整租,海滨市场小区 2室1厅1卫,2室1厅1卫,60㎡,海滨市场小区,新安,个人,2000,http://sz.58.com/zufang/29978464759755x.shtml
58,整租,裕宝大厦 2室2厅 押二付一,2室2厅1卫,72㎡,None,新安,个人,3800,http://sz.58.com/zufang/26044622542413x.shtml
58,整租,宝安新安TATA公寓 1室1厅 35平 随时看房 马,1室1厅1卫,35㎡,TATA公寓,新安,个人,2500,http://sz.58.com/zufang/29892938173746x.shtml
58,整租,宝安星航华府 5室2厅 170平米 豪华装修 押二付,5室2厅3卫,170㎡,星航华府,宝安,个人,8500,http://sz.58.com/zufang/29448274504902x.shtml
58,整租,第5大道高发 2室2厅1卫,2室2厅1卫,78㎡,第5大道高发西岸花园,宝安中心区,个人,6000,http://sz.58.com/zufang/30023266708048x.shtml
58,整租,中信领航 3室2厅1卫,3室2厅1卫,89㎡,中信领航,西乡,个人,4300,http://sz.58.com/zufang/30000710837055x.shtml
58,整租,塘东光电研发 1室1厅1卫,1室1厅1卫,36㎡,None,西乡,个人,1600,http://sz.58.com/zufang/29989703467564x.shtml
58,整租,应人石新村 1室0厅1卫,1室0厅1卫,28㎡,应人石新村,石岩,个人,900,http://sz.58.com/zufang/29967763459260x.shtml
58,整租,宝安中心区新安街道宝民市区灶下村三坊十一巷子 2室1,2室1厅1卫,70㎡,None,宝安中心区,个人,2680,http://sz.58.com/zufang/30036227395513x.shtml
58,整租,大洋花园 1室1厅1卫,1室1厅1卫,45㎡,大洋花园,福永,个人,900,http://sz.58.com/zufang/30036228580811x.shtml
58,整租,西岸观邸 4室2厅1卫,4室2厅1卫,126㎡,西岸观邸,宝安中心区,个人,6300,http://sz.58.com/zufang/30023300801994x.shtml
58,整租,坪洲地铁站轻铁花园 3室2厅1卫,3室2厅1卫,93㎡,None,西乡,个人,4200,http://sz.58.com/zufang/30036224718892x.shtml
58,整租,宝田三路69 1室1厅1卫,1室1厅1卫,30㎡,None,西乡,个人,1100,http://sz.58.com/zufang/30005597674179x.shtml
58,整租,西乡固戍地铁附近 精装电梯公寓和一房一厅招租 拎包入,1室1厅1卫,45㎡,西乡固戍社区,西乡,个人,1000,http://sz.58.com/zufang/29901995753666x.shtml
58,整租,宝安43区 1室0厅1卫,1室0厅1卫,15㎡,None,翻身路,个人,900,http://sz.58.com/zufang/30036200016953x.shtml
58,整租,微家生活公寓·上合店 1室0厅1卫,1室0厅1卫,30㎡,None,宝安中心区,个人,1900,http://sz.58.com/zufang/29938687156906x.shtml
58,单间,新园工业区宝安-西乡主卧1000元/月,主卧(1室),None,None,西乡,个人,1000,http://sz.58.com/hezu/30036179051088x.shtml
58,整租,宝安新安灵芝 1室0厅1卫,1室0厅1卫,20㎡,None,新安,个人,2180,http://sz.58.com/zufang/30035954923058x.shtml
58,整租,君成雍和园 4室2厅2卫,4室2厅2卫,90㎡,君成雍和园,西乡,个人,5500,http://sz.58.com/zufang/29993749365426x.shtml
58,整租,万福人家二期 2室1厅1卫,2室1厅1卫,80㎡,万福人家二期,福永,个人,2800,http://sz.58.com/zufang/30014314638271x.shtml
58,整租,泰华锦绣城 1室1厅1卫,1室1厅1卫,30㎡,None,宝安中心区,个人,1200,http://sz.58.com/zufang/29908916439346x.shtml
58,整租,壹家公寓 2室1厅 45平米 精装修 押二付一,2室1厅1卫,45㎡,None,沙井,个人,2150,http://sz.58.com/zufang/29760729945129x.shtml
58,整租,天悦龙庭3室2厅2卫121平精装大三房全家电随时入住,3室2厅2卫,121㎡,None,宝安中心区,个人,8500,http://sz.58.com/zufang/26974857373259x.shtml
58,整租,皓月花园 2室2厅1卫,2室2厅1卫,76㎡,None,宝安周边,个人,4500,http://sz.58.com/zufang/30002679224116x.shtml
58,整租,春和雅苑 1室1厅1卫,1室1厅1卫,45㎡,春和雅苑,沙井,个人,1500,http://sz.58.com/zufang/30036162424897x.shtml
58,整租,安乐村41区 1室0厅1卫,1室0厅1卫,20㎡,None,新安,个人,1500,http://sz.58.com/zufang/30036165015484x.shtml
58,整租,富美居 1室1厅1卫,1室1厅1卫,30㎡,None,松岗,个人,660,http://sz.58.com/zufang/29961557272381x.shtml
58,整租,海城新村 1室1厅1卫,1室1厅1卫,30㎡,None,西乡,个人,1200,http://sz.58.com/zufang/29994812955600x.shtml
58,整租,共乐宝莲新村 1室1厅1卫,1室1厅1卫,50㎡,None,西乡,个人,1550,http://sz.58.com/zufang/30035989691075x.shtml
58,整租,西乡丽景城 3室1厅 98平米 精装修 押二付一,3室1厅1卫,98㎡,None,西乡,个人,4500,http://sz.58.com/zufang/28441530888248x.shtml
58,整租,宝安第五大道 2室1厅1卫,2室1厅1卫,55㎡,None,宝安中心区,个人,5000,http://sz.58.com/zufang/29922293099978x.shtml
58,整租,前海铂寓 2室1厅1卫,2室1厅1卫,57㎡,None,西乡,个人,3300,http://sz.58.com/zufang/29635923018161x.shtml
58,整租,西乡盐田新一村 2室2厅1卫,2室2厅1卫,60㎡,None,西乡,个人,1800,http://sz.58.com/zufang/30036135151048x.shtml
58,单间,合正汇一城 3室1厅2卫 次卧带洗手间,次卧(3室),140㎡,None,西乡,个人,1890,http://sz.58.com/hezu/30012687699781x.shtml
58,整租,宝安宝安中心区宝安区前海华 3室2厅 172平米 精,3室2厅2卫,172㎡,None,宝安中心区,个人,160000,http://sz.58.com/zufang/29916005309500x.shtml
58,整租,宝安福永福永中信工业 1室1厅 35平米 精装修 押,1室1厅1卫,35㎡,福永中信工业城,福永,个人,1770,http://sz.58.com/zufang/29791095621432x.shtml
58,整租,大观园小区 1室1厅1卫,1室1厅1卫,45㎡,大观园小区,新安,个人,730,http://sz.58.com/zufang/30036133205036x.shtml
58,整租,西乡公寓出租 近南山科技园 新装修,1室0厅,35㎡,万菱NEW寓,西乡,个人,2600,http://sz.58.com/zufang/29924235964605x.shtml
58,单间,西乡固戍红湾 1室1厅 主卧 朝南 豪华装修,主卧(1室),40㎡,None,西乡,个人,1500,http://sz.58.com/hezu/25270125921579x.shtml
58,整租,深圳宝安沙井宿舍 1室0厅1卫,1室0厅1卫,35㎡,None,沙井,个人,360,http://sz.58.com/zufang/30036117758402x.shtml
58,整租,请选择 2室2厅1卫,2室2厅1卫,66㎡,None,福永,个人,2100,http://sz.58.com/zufang/23420992826144x.shtml
58,整租,新安市场 1室1厅1卫,1室1厅1卫,35㎡,新安市场,西乡,个人,1300,http://sz.58.com/zufang/29829303491916x.shtml
58,整租,固戍地铁站上围园新村豪华酒店式公寓家私家电全齐 1室,1室1厅1卫,45㎡,None,桃源居,个人,850,http://sz.58.com/zufang/30036096284331x.shtml
58,整租,万科翡丽郡二 3室2厅1卫,3室2厅1卫,94㎡,万科翡丽郡二期,沙井,个人,3500,http://sz.58.com/zufang/30036096576059x.shtml
58,整租,都市田园公寓 1室1厅1卫,1室1厅1卫,30㎡,None,新安,个人,1700,http://sz.58.com/zufang/29879523495740x.shtml
58,整租,花样年花乡家园 1室0厅1卫,1室0厅1卫,28㎡,None,宝安中心区,个人,2800,http://sz.58.com/zufang/29860190500417x.shtml
58,整租,特惠 精装修公寓 个人房租 首次开租 1室0厅1卫,1室0厅1卫,30㎡,None,西乡,个人,1000,http://sz.58.com/zufang/29992912239034x.shtml
58,整租,十五公寓固戍 1室0厅1卫,1室0厅1卫,30㎡,None,西乡,个人,1000,http://sz.58.com/zufang/30018044010945x.shtml
58,整租,宝安-西乡地铁站永丰社区八区79号1室1厅1卫180,1室1厅1卫,None,None,西乡,个人,1800,http://sz.58.com/zufang/30024735308877x.shtml
58,单间,富通好旺角 4室1厅 次卧 朝西 精装修,次卧(4室),15㎡,None,宝安中心区,个人,2130,http://sz.58.com/hezu/30036080431694x.shtml
58,整租,急转租桃源居鹤洲大单间现入住免一周房租 1室0厅1卫,1室0厅1卫,28㎡,None,西乡,个人,700,http://sz.58.com/zufang/29988926371398x.shtml
58,整租,桃源盛景园 3室2厅2卫,3室2厅2卫,112㎡,None,西乡,个人,4500,http://sz.58.com/zufang/29772913297342x.shtml
58,整租,都市由园 1室1厅1卫,1室1厅1卫,30㎡,None,新安,个人,1700,http://sz.58.com/zufang/30025999723337x.shtml
58,整租,明月花都 3室2厅2卫,3室2厅2卫,135㎡,None,西乡,个人,6000,http://sz.58.com/zufang/29793283053376x.shtml
58,整租,富通城三期、西乡地铁口,1室0厅1卫,40㎡,碧海富通城三期,西乡,个人,2900,http://sz.58.com/zufang/29726188667976x.shtml
58,整租,免中介 全新酒店式公寓 带阳台 免费停车位 阳光通透,1室0厅1卫,20㎡,None,石岩,个人,900,http://sz.58.com/zufang/29925914663240x.shtml
58,整租,固戍地铁站上围园新村豪华酒店式公寓家私家电全齐 1室,1室1厅1卫,46㎡,None,桃源居,个人,1350,http://sz.58.com/zufang/30036029197124x.shtml
58,整租,麒麟雅居 3室1厅2卫,3室1厅2卫,121㎡,None,松岗,个人,2500,http://sz.58.com/zufang/29968393282378x.shtml
58,单间,宝安西乡玉湖湾 3室2厅 次卧 朝南 简单装修,次卧(3室),20㎡,玉湖湾,西乡,个人,1750,http://sz.58.com/hezu/29936910312007x.shtml
58,整租,业主急租自住房、雅庭苑精装两房；固戍地铁口,2室2厅1卫,63㎡,雅庭苑(宝安大道),西乡,个人,3400,http://sz.58.com/zufang/29923237987017x.shtml
58,整租,宝安中心区新安街道宝民社区灶下村三坊十一巷 1室1厅,1室1厅1卫,50㎡,None,宝安中心区,个人,1480,http://sz.58.com/zufang/30035999690448x.shtml
58,整租,塘头一电科技 1室0厅1卫,1室0厅1卫,32㎡,None,石岩,个人,1000,http://sz.58.com/zufang/29995480284209x.shtml
58,整租,黄峰岭 1室1厅1卫,1室1厅1卫,30㎡,None,石岩,个人,450,http://sz.58.com/zufang/29995529279312x.shtml
58,整租,宝安翻身地铁站 精装二房一厅拎包入住,2室1厅1卫,60㎡,None,宝安中心区,个人,3180,http://sz.58.com/zufang/29748327273659x.shtml
58,整租,宝豪华庭 2室2厅1卫,2室2厅1卫,98㎡,宝豪华庭,宝安中心区,个人,5500,http://sz.58.com/zufang/26233250176711x.shtml
58,整租,深圳宝安沙井汇源壕庭小区 4室2厅1卫,4室2厅1卫,130㎡,None,沙井,个人,2800,http://sz.58.com/zufang/30025482151619x.shtml
58,整租,宝安翻身地铁 2室1厅1卫,2室1厅1卫,60㎡,None,翻身路,个人,3500,http://sz.58.com/zufang/30003395437504x.shtml
58,整租,西乡地铁站精装两房出租、自家房子、图片真实。,2室2厅1卫,71㎡,绿海名苑,西乡,个人,4100,http://sz.58.com/zufang/29934459677747x.shtml
58,整租,桃源居12区 2室2厅1卫,2室2厅1卫,80㎡,None,桃源居,个人,4500,http://sz.58.com/zufang/30034054383034x.shtml
58,整租,宝安固戍地铁站精装两房出租、近科技园、图片真实。,2室2厅1卫,75㎡,雅庭苑(宝安大道),西乡,个人,3200,http://sz.58.com/zufang/29794511621039x.shtml
58,整租,皓月花园 3室2厅1卫,3室2厅1卫,88㎡,皓月花园,宝安周边,个人,4700,http://sz.58.com/zufang/29602310983356x.shtml
58,整租,东塘村盈耀楼 1室0厅1卫,1室0厅1卫,28㎡,None,沙井,个人,800,http://sz.58.com/zufang/29956991222604x.shtml
58,整租,固戍地铁站上围园新村豪华酒店式公寓家私家电全齐 1室,1室0厅1卫,35㎡,None,桃源居,个人,580,http://sz.58.com/zufang/30035983025593x.shtml
58,整租,荔景新村 1室0厅1卫,1室0厅1卫,8㎡,None,西乡,个人,600,http://sz.58.com/zufang/30027465025998x.shtml
58,单间,银田新村西乡-宝安主卧400元/月,主卧(1室),20㎡,银田新村,西乡,个人,400,http://sz.58.com/hezu/29980206949161x.shtml
58,整租,宝安精装大两房出租、近固戍地铁站、科技园、交通便利、,2室2厅1卫,80㎡,雅居苑,西乡,个人,3400,http://sz.58.com/zufang/29794441424175x.shtml
58,整租,听涛雅苑二期 2室2厅1卫,2室2厅1卫,70㎡,听涛雅苑二期,福永,个人,3000,http://sz.58.com/zufang/30035968996807x.shtml
58,整租,宝安西乡 碧海富通城三 2室 1厅 58平米,2室1厅1卫,58㎡,碧海富通城三期,西乡,个人,3300,http://sz.58.com/zufang/29032193788212x.shtml
58,整租,广三保综合楼 3室2厅1卫,3室2厅1卫,100㎡,广三保综合楼,新安,个人,3600,http://sz.58.com/zufang/29961003113550x.shtml
58,整租,澎柏白金假日公寓 2室1厅1卫,2室1厅1卫,50㎡,None,西乡,个人,4000,http://sz.58.com/zufang/29999991718723x.shtml
58,整租,雅庭苑(宝安 3室2厅1卫,3室2厅1卫,90㎡,雅庭苑(宝安大道),西乡,个人,3500,http://sz.58.com/zufang/30033996752187x.shtml
58,整租,固戍地铁站精装两房出租、去科技园交通方便、合租首选。,2室2厅1卫,80㎡,雅居苑,西乡,个人,3400,http://sz.58.com/zufang/29934780586574x.shtml
58,整租,固戍地铁站上围园新村豪华酒店式公寓家私家电全齐 1室,1室1厅1卫,46㎡,None,桃源居,个人,458,http://sz.58.com/zufang/30035955041487x.shtml
58,整租,新宝花园 1室1厅1卫,1室1厅1卫,43㎡,新宝花园,沙井,个人,660,http://sz.58.com/zufang/30035954441279x.shtml
58,整租,微家生活公寓·上合店 1室1厅1卫,1室1厅1卫,30㎡,None,宝安中心区,个人,1900,http://sz.58.com/zufang/30035946727602x.shtml
58,整租,塘西花园 3室2厅1卫,3室2厅1卫,120㎡,None,西乡,个人,2800,http://sz.58.com/zufang/30035945216185x.shtml
58,整租,西乡平峦山公交站 1室0厅1卫,1室0厅1卫,20㎡,None,西乡,个人,650,http://sz.58.com/zufang/30035937895629x.shtml
58,整租,花样年花乡家 1室1厅1卫,1室1厅1卫,38㎡,花样年花乡家园,宝安中心区,个人,3750,http://sz.58.com/zufang/30035941064912x.shtml
58,整租,都市翠海华苑 1室0厅1卫,1室0厅1卫,22㎡,都市翠海华苑,新安,个人,2100,http://sz.58.com/zufang/29923412397871x.shtml
58,单间,11号线碧海湾站1号线西乡站泰华阳光海单间出租无,次卧(4室),9.4㎡,泰华阳光海湾,西乡,个人,1690,http://sz.58.com/hezu/30035932194494x.shtml
58,整租,南航明珠花园 4室2厅2卫,4室2厅2卫,138㎡,南航明珠花园,西乡,个人,5200,http://sz.58.com/zufang/30033813801408x.shtml
58,整租,金成时代家园 2室2厅1卫,2室2厅1卫,81㎡,金成时代家园,宝安中心区,个人,5500,http://sz.58.com/zufang/29946533276990x.shtml
58,整租,都市豪苑 1室1厅1卫,1室1厅1卫,24㎡,None,宝安中心区,个人,2200,http://sz.58.com/zufang/29946214361929x.shtml
58,单间,浪漫港湾 3室2厅 次卧 朝东南 精装修 诚求合租！,次卧(3室),130㎡,None,新中心区,个人,1490,http://sz.58.com/hezu/29815101070904x.shtml
58,整租,佳华新村 1室0厅1卫,1室0厅1卫,20㎡,佳华新村,新安,个人,1480,http://sz.58.com/zufang/29972928682182x.shtml
58,整租,兴东地铁 中粮商务公园 1室1厅1卫,1室1厅1卫,45㎡,None,宝安中心区,个人,3690,http://sz.58.com/zufang/30035606676660x.shtml
58,整租,芷峪澜湾花园 3室2厅2卫,3室2厅2卫,69㎡,芷峪澜湾花园,宝安,个人,3500,http://sz.58.com/zufang/30035871266620x.shtml
58,整租,桃源居桃源盛景园 2室2厅 80平米 中等装修 押二,2室2厅1卫,80㎡,桃源盛景园,桃源居,个人,3600,http://sz.58.com/zufang/29790985825356x.shtml
58,整租,荔湖花园电梯公寓 1室0厅1卫,1室0厅1卫,35㎡,None,石岩,个人,700,http://sz.58.com/zufang/29937033371945x.shtml
58,整租,宝安中心区地铁口 菁英趣庭 1室1厅 33平米 精装,1室1厅1卫,33㎡,None,宝安中心区,个人,3200,http://sz.58.com/zufang/29293223356972x.shtml
58,整租,金泓凯旋城 1室1厅1卫,1室1厅1卫,50㎡,金泓凯旋城,宝安中心区,个人,700,http://sz.58.com/zufang/30035856709322x.shtml
58,整租,平峦山公园 1室0厅1卫,1室0厅1卫,20㎡,None,桃源居,个人,650,http://sz.58.com/zufang/29993274957507x.shtml
58,整租,房东直租 全新电梯房 宝安西乡固戍红湾三区四巷 大单,1室1厅1卫,20㎡,None,西乡,个人,660,http://sz.58.com/zufang/28128113793736x.shtml
58,整租,固戍地铁站上围园新村豪华酒店式公寓家私家电全齐 1室,1室1厅1卫,46㎡,None,桃源居,个人,580,http://sz.58.com/zufang/30035838027333x.shtml
58,整租,固戍公寓火爆招租 独立厨卫 阳光好 交通便利 1室0,1室0厅1卫,25㎡,None,西乡,个人,800,http://sz.58.com/zufang/30035428943555x.shtml
58,单间,泰华苑 3室2厅1卫 男女不限,主卧(3室),93㎡,None,新安,个人,1800,http://sz.58.com/hezu/29971100823346x.shtml
58,整租,富盈门 2室2厅1卫,2室2厅1卫,72㎡,None,西乡,个人,4100,http://sz.58.com/zufang/30035797235152x.shtml
58,整租,华美居 1室1厅1卫,1室1厅1卫,50㎡,None,沙井,个人,2150,http://sz.58.com/zufang/30013694578250x.shtml
58,整租,坪洲地铁轻铁西花园 1室1厅1卫,1室1厅1卫,25㎡,None,西乡,个人,1750,http://sz.58.com/zufang/29647788497721x.shtml
58,整租,固戍地铁站F出口下围园沙边东区 1室0厅1卫,1室0厅1卫,25㎡,None,西乡,个人,750,http://sz.58.com/zufang/30035566154673x.shtml
58,整租,西乡单间出租 1室0厅1卫,1室0厅1卫,22㎡,None,西乡,个人,500,http://sz.58.com/zufang/29998550911818x.shtml
58,整租,固戍地铁站上围园新村豪华酒店式公寓 1室1厅1卫,1室1厅1卫,46㎡,None,西乡,个人,785,http://sz.58.com/zufang/30035804997440x.shtml
58,整租,地铁口新安站凯旋城 3室2厅 84平米业主直租,3室2厅1卫,84㎡,金泓凯旋城,宝安中心区,个人,5700,http://sz.58.com/zufang/29882623649466x.shtml
58,整租,名豪丽城 1室1厅1卫,1室1厅1卫,35㎡,名豪丽城,沙井,个人,600,http://sz.58.com/zufang/30035792842695x.shtml
58,整租,畔山美地嘉园 3室2厅2卫,3室2厅2卫,115㎡,None,桃源居,个人,4800,http://sz.58.com/zufang/29728812385579x.shtml
58,整租,宝安中心区109平 办公自住均可 个人出租,3室2厅1卫,109㎡,石鸿花园,宝安中心区,个人,4800,http://sz.58.com/zufang/24264919543355x.shtml
58,整租,上围园新村 1室1厅1卫,1室1厅1卫,46㎡,None,桃源居,个人,1050,http://sz.58.com/zufang/30035782114763x.shtml
58,整租,沙井恒源花园 2室1厅1卫,2室1厅1卫,78㎡,None,沙井,个人,2600,http://sz.58.com/zufang/29407568866382x.shtml
58,单间,共和店面超低价出租,主卧(1室),15㎡,None,沙井,个人,350,http://sz.58.com/hezu/30035767832259x.shtml
58,整租,[房东招租]公寓石岩塘头又一村 家私家电 交通便利,1室0厅1卫,36㎡,None,石岩,个人,900,http://sz.58.com/zufang/29892108147126x.shtml
58,整租,万象新天 3室2厅2卫,3室2厅2卫,80㎡,None,西乡,个人,4500,http://sz.58.com/zufang/29779974523947x.shtml
58,整租,新房首次开租！免费停车、1房1厨1卫大阳台家电齐全拎,1室0厅1卫,30㎡,None,石岩,个人,1200,http://sz.58.com/zufang/29936929073323x.shtml
58,整租,灶下村三坊十 1室0厅1卫,1室0厅1卫,36㎡,None,宝安中心区,个人,1100,http://sz.58.com/zufang/30023828689102x.shtml
58,整租,万象新天 1室0厅1卫,1室0厅1卫,26㎡,None,西乡,个人,1500,http://sz.58.com/zufang/30032860135090x.shtml
58,整租,宝民社区 1室0厅1卫,1室0厅1卫,32㎡,None,宝安,个人,1100,http://sz.58.com/zufang/30013803635002x.shtml
58,整租,宝体 佳华名苑 1室0厅1卫,1室0厅1卫,28㎡,None,宝安中心区,个人,1500,http://sz.58.com/zufang/29948446981687x.shtml
58,整租,一电科技公交站！1室0厅 30平米 精装修 押一付一,1室0厅1卫,30㎡,应人石新村,石岩,个人,1200,http://sz.58.com/zufang/29926915052846x.shtml
58,整租,应人石新村 1室1厅1卫,1室1厅1卫,38㎡,None,石岩,个人,900,http://sz.58.com/zufang/30035726661554x.shtml
58,整租,宝安11区新乐小区 2室1厅1卫,2室1厅1卫,90㎡,None,新安,个人,2600,http://sz.58.com/zufang/29585524806972x.shtml
58,整租,万象新天 1室0厅1卫,1室0厅1卫,32㎡,万象新天,西乡,个人,950,http://sz.58.com/zufang/30035478847281x.shtml
58,整租,鸿都商务大厦 1室1厅1卫,1室1厅1卫,34㎡,None,新安,个人,2180,http://sz.58.com/zufang/30035705744316x.shtml
58,整租,1号线固戍地 1室0厅1卫,1室0厅1卫,32㎡,None,西乡,个人,1000,http://sz.58.com/zufang/29980884913093x.shtml
58,整租,万象新天 1室0厅1卫,1室0厅1卫,30㎡,万象新天,西乡,个人,950,http://sz.58.com/zufang/30035702914116x.shtml
58,整租,宝安新安 1室1厅1卫,1室1厅1卫,40㎡,None,新安,个人,2750,http://sz.58.com/zufang/30035685867706x.shtml
58,整租,应人石新村 1室0厅1卫,1室0厅1卫,30㎡,None,石岩,个人,1000,http://sz.58.com/zufang/29995385943874x.shtml
58,单间,中熙香缤山宝安-西乡主卧1000元/月,主卧(4室),10㎡,中熙香缤山,西乡,个人,1000,http://sz.58.com/hezu/29374522165321x.shtml
58,整租,福永镇新和村同富裕工业区 1室0厅1卫,1室0厅1卫,20㎡,None,福永,个人,420,http://sz.58.com/zufang/29971144573994x.shtml
58,整租,集信名城 4室2厅1卫,4室2厅1卫,158㎡,None,松岗,个人,4200,http://sz.58.com/zufang/30035676050610x.shtml
58,整租,丽晶国际 1室1厅1卫,1室1厅1卫,45㎡,丽晶国际,宝安中心区,个人,2000,http://sz.58.com/zufang/27977337316412x.shtml
58,整租,南航明珠花园 4室2厅2卫,4室2厅2卫,130㎡,None,西乡,个人,5300,http://sz.58.com/zufang/29517202720170x.shtml
58,整租,固戍地铁站精 1室0厅1卫,1室0厅1卫,32㎡,None,西乡,个人,1000,http://sz.58.com/zufang/29936143521592x.shtml
58,整租,宝民社区灶下 1室1厅1卫,1室1厅1卫,28㎡,None,宝安,个人,1300,http://sz.58.com/zufang/30013823506247x.shtml
58,整租,君成雍和园 3室1厅1卫,3室1厅1卫,115㎡,None,翻身路,个人,5000,http://sz.58.com/zufang/29926777025599x.shtml
58,整租,西乡固戍社区 1室0厅1卫,1室0厅1卫,20㎡,None,西乡,个人,1500,http://sz.58.com/zufang/30024509298481x.shtml
58,整租,松茂御龙湾 3室2厅2卫,3室2厅2卫,90㎡,松茂御龙湾,西乡,个人,6800,http://sz.58.com/zufang/29971591868751x.shtml
58,单间,流塘新村西乡-宝安主卧700元/月,主卧(4室以上),20㎡,流塘新村,西乡,个人,700,http://sz.58.com/hezu/30003765931826x.shtml
58,整租,联盈购物广场 1室0厅1卫,1室0厅1卫,34㎡,None,石岩,个人,850,http://sz.58.com/zufang/29968404801353x.shtml
58,单间,碧海名园 1室1卫 男女不限,主卧(1室),20㎡,None,西乡,个人,1000,http://sz.58.com/hezu/30035603319242x.shtml
58,整租,西发花园 3室1厅 88平米 中等装修 押二付一,3室1厅1卫,88㎡,None,西乡,个人,4200,http://sz.58.com/zufang/16997560620679x.shtml
58,整租,伴山家园 1室1厅1卫,1室1厅1卫,36㎡,None,西乡,个人,1530,http://sz.58.com/zufang/30035537819837x.shtml
58,整租,天宝路杨师港湾公寓 1室1厅1卫,1室1厅1卫,45㎡,None,石岩,个人,1000,http://sz.58.com/zufang/29968130488113x.shtml
58,整租,上合家华公寓 1室0厅1卫,1室0厅1卫,20㎡,None,新安,个人,2180,http://sz.58.com/zufang/30026060010028x.shtml
58,整租,新源花园 3室3厅2卫,3室3厅2卫,130㎡,新源花园,宝安中心区,个人,4500,http://sz.58.com/zufang/30035591828028x.shtml
58,整租,西乡海乐花园 2室1厅1卫,2室1厅1卫,70㎡,None,西乡,个人,3300,http://sz.58.com/zufang/29979787121101x.shtml
58,整租,万象新天 2室1厅1卫,2室1厅1卫,44㎡,万象新天,西乡,个人,3800,http://sz.58.com/zufang/30035575417930x.shtml
58,整租,鹤州西区万和购物广场后门 1室0厅1卫,1室0厅1卫,20㎡,None,桃源居,个人,500,http://sz.58.com/zufang/29992764465722x.shtml
58,单间,创新商贸广场 1室1厅1卫 男女不限,主卧(1室),13㎡,None,沙井,个人,650,http://sz.58.com/hezu/30035576313165x.shtml
58,整租,裕安居 3室2厅2卫,3室2厅2卫,103㎡,None,新安,个人,4800,http://sz.58.com/zufang/29913542405582x.shtml
58,整租,鹤州西区万和购物广场 1室0厅1卫,1室0厅1卫,20㎡,None,桃源居,个人,500,http://sz.58.com/zufang/29960715766083x.shtml
58,整租,42区电梯公寓招租全新豪华装修 1室1厅1卫,1室1厅1卫,40㎡,None,宝安中心区,个人,2300,http://sz.58.com/zufang/30035573100340x.shtml
58,单间,宝安中心区富通好旺角 精装3室,主卧(3室),120㎡,富通好旺角,宝安中心区,个人,6200,http://sz.58.com/hezu/30035569928633x.shtml
58,单间,翻身路地铁口 1室1厅1卫 男女不限,主卧(1室),60㎡,None,翻身路,个人,1100,http://sz.58.com/hezu/29906187336630x.shtml
58,整租,检察院家属大院 3室2厅1卫,3室2厅1卫,75㎡,None,新安,个人,2900,http://sz.58.com/zufang/29815634154303x.shtml
58,整租,罗租下新村 1室1厅1卫,1室1厅1卫,30㎡,None,石岩,个人,1000,http://sz.58.com/zufang/30035538700363x.shtml
58,整租,沙井 西部义乌商贸城（单间一房一厅）全新装修 带家具,1室0厅1卫,29㎡,None,沙井,个人,600,http://sz.58.com/zufang/29795994074673x.shtml
58,整租,非.中.介、高端连锁公寓、独厨独卫、家私家电齐、独立,1室0厅1卫,28㎡,None,沙井,个人,600,http://sz.58.com/zufang/29565680202938x.shtml
58,整租,万象新天 1室0厅1卫,1室0厅1卫,20㎡,None,西乡,个人,1000,http://sz.58.com/zufang/30035481944891x.shtml
58,整租,42区74栋电梯公寓招租翻身地铁口 1室0厅1卫,1室0厅1卫,40㎡,None,翻身路,个人,1800,http://sz.58.com/zufang/30035488979005x.shtml
58,整租,沙井濠景城附 1室0厅 28平米 精装修 押一付一,1室0厅1卫,28㎡,None,沙井,个人,600,http://sz.58.com/zufang/29837611690805x.shtml
58,整租,双龙花园 2室2厅1卫,2室2厅1卫,89㎡,None,西乡,个人,3200,http://sz.58.com/zufang/29586875862209x.shtml
58,整租,爱群花园 4室2厅1卫,4室2厅1卫,112㎡,None,石岩,个人,3100,http://sz.58.com/zufang/29951334904241x.shtml
58,单间,转租坪洲地铁D出口 单间 拎包入住,(1室),12㎡,None,西乡,个人,1000,http://sz.58.com/hezu/29971168345910x.shtml
58,整租,固戍地铁站 1室0厅1卫,1室0厅1卫,20㎡,None,西乡,个人,1000,http://sz.58.com/zufang/30023296765635x.shtml
58,整租,沙井慕尚酒吧附近 1室0厅1卫,1室0厅1卫,26㎡,None,沙井,个人,600,http://sz.58.com/zufang/29857206710846x.shtml
58,整租,河西金雅园小区 1室0厅1卫,1室0厅1卫,40㎡,None,西乡,个人,700,http://sz.58.com/zufang/29615531754556x.shtml
58,单间,应人石老村 3室1厅2卫 单房出租600元包水电,次卧(3室),12㎡,None,石岩,个人,600,http://sz.58.com/hezu/29901558454060x.shtml
58,整租,双龙花园 1室0厅1卫,1室0厅1卫,20㎡,None,西乡,个人,1100,http://sz.58.com/zufang/29951767039037x.shtml
58,整租,前进公社 3室2厅2卫,3室2厅2卫,133㎡,None,松岗,个人,3000,http://sz.58.com/zufang/29945835839177x.shtml
58,整租,西乡地铁站 青年公寓出租 家电全齐 业主直租,5室2厅3卫,238㎡,中熙香缇湾花园,西乡,个人,500,http://sz.58.com/zufang/29881090704046x.shtml
58,整租,雅庭苑精装3房首次出租 3室2厅1卫,3室2厅1卫,93㎡,None,西乡,个人,3500,http://sz.58.com/zufang/30035404201551x.shtml
58,整租,安乐村41区 1室0厅1卫,1室0厅1卫,30㎡,None,宝安中心区,个人,1550,http://sz.58.com/zufang/30035396868301x.shtml
58,单间,白领的不二选择、无线网络、拎包入住,主卧(3室),10㎡,槟城西岸,西乡,个人,1490,http://sz.58.com/hezu/30035368039362x.shtml
58,整租,2室2厅 100平米 精装修 押二付一,2室2厅1卫,100㎡,None,新安,个人,4300,http://sz.58.com/zufang/23785194369722x.shtml
58,整租,固戍地铁站300米 精装公寓 首次招租 1室0厅1卫,1室0厅1卫,22㎡,None,西乡,个人,800,http://sz.58.com/zufang/30035361675084x.shtml
58,整租,塘西花园-押二付一 3室2厅1卫,3室2厅1卫,110㎡,None,西乡,个人,3800,http://sz.58.com/zufang/29945977917005x.shtml
58,整租,星河名苑 5室2厅2卫,5室2厅2卫,168㎡,None,沙井,个人,4000,http://sz.58.com/zufang/29066901140142x.shtml
58,整租,宝莲新村 1室1厅1卫,1室1厅1卫,40㎡,None,西乡,个人,1000,http://sz.58.com/zufang/30024282510634x.shtml
58,整租,碧海富通城三期 1室0厅1卫,1室0厅1卫,35㎡,None,西乡,个人,3300,http://sz.58.com/zufang/30035258135745x.shtml
58,整租,翻身地铁站精装公寓大阳台出租,1室0厅1卫,26㎡,None,宝安中心区,个人,1880,http://sz.58.com/zufang/29758500679357x.shtml
58,单间,宝安西乡固戍地铁口、公交站旁小区找女生合租、随时可以,次卧(3室),126㎡,None,西乡,个人,1300,http://sz.58.com/hezu/29935811259456x.shtml
58,整租,松岗-宝安宏发君域5室2厅2卫5500元,5室2厅2卫,143㎡,宏发君域,松岗,个人,5500,http://sz.58.com/zufang/26243954640170x.shtml
58,整租,星河名苑 5室2厅2卫,5室2厅2卫,168㎡,None,沙井,个人,4000,http://sz.58.com/zufang/28999602420414x.shtml
58,整租,西乡麻布新村 2室1厅1卫,2室1厅1卫,50㎡,None,西乡,个人,2450,http://sz.58.com/zufang/30035252194865x.shtml
58,单间,开屏村 1厅1卫 男女不限,主卧(1室),17㎡,None,西乡,个人,1000,http://sz.58.com/hezu/29807738980682x.shtml
58,整租,渔业新村 1室0厅1卫,1室0厅1卫,20㎡,None,西乡,个人,1050,http://sz.58.com/zufang/29935378608319x.shtml
58,单间,西乡海乐花园 次卧招租 男女不限,次卧(2室),43㎡,None,西乡,个人,850,http://sz.58.com/hezu/29970260588742x.shtml
58,整租,丽晶国际 3室2厅1卫,3室2厅1卫,94㎡,None,新中心区,个人,6500,http://sz.58.com/zufang/29882326767682x.shtml
58,整租,宝安翻身地铁口全新精装酒店式单身公寓 独立厨卫阳台,1室0厅1卫,20㎡,None,宝安中心区,个人,1500,http://sz.58.com/zufang/29924741562025x.shtml
58,整租,35区祺景公寓 1室0厅1卫,1室0厅1卫,30㎡,None,新安,个人,1250,http://sz.58.com/zufang/29878578068285x.shtml
58,整租,中介勿扰 固戍地铁站F口500米复式一房一厅带阳台厨,1室1厅1卫,40㎡,None,西乡,个人,1680,http://sz.58.com/zufang/29863414103878x.shtml
58,整租,无 固戍地铁站旁 单间公寓带阳台卫生间厨房家私家电全,1室0厅1卫,20㎡,None,西乡,个人,1380,http://sz.58.com/zufang/29422002055724x.shtml
58,整租,官田村13巷 1室1厅1卫,1室1厅1卫,35㎡,None,石岩,个人,600,http://sz.58.com/zufang/30035225401412x.shtml
58,单间,宝安西乡金雅新苑 1室0厅 主卧 朝南 精装修,主卧(1室),25㎡,金雅新苑,西乡,个人,1000,http://sz.58.com/hezu/30004319934030x.shtml
58,整租,业主直租环中线灵芝地铁口2房2厅 双地铁口、双公园小,2室2厅1卫,73㎡,宝湖居,西乡,个人,2800,http://sz.58.com/zufang/29723964505025x.shtml
58,整租,沙井 1室0厅1卫,1室0厅1卫,10㎡,None,沙井,个人,400,http://sz.58.com/zufang/30017519106744x.shtml
58,单间,宝安西乡金雅新苑 1室1厅 主卧 朝南 精装修,主卧(1室),35㎡,金雅新苑,西乡,个人,1600,http://sz.58.com/hezu/30004304434360x.shtml
58,整租,朝阳小区一街 1室0厅1卫,1室0厅1卫,40㎡,None,松岗,个人,600,http://sz.58.com/zufang/30035141049026x.shtml
58,整租,宝安西乡固戍石街新村采光好1室1厅42平米 精装修,1室1厅1卫,42㎡,None,西乡,个人,1500,http://sz.58.com/zufang/29812406520258x.shtml
58,单间,宝安西乡风尚时代 1室 主卧 朝南 中等装修（本栋最,主卧(1室),36㎡,风尚时代小区,西乡,个人,1500,http://sz.58.com/hezu/26450668133946x.shtml
58,整租,宝安-福永地铁站附近1室1厅1卫800元,1室1厅1卫,None,None,福永,个人,800,http://sz.58.com/zufang/30028578950722x.shtml
58,整租,西乡-宝安澎柏白金假日公寓2室1厅1卫3800元,2室1厅1卫,None,澎柏白金假日公寓,西乡,个人,3800,http://sz.58.com/zufang/29962665557956x.shtml
58,整租,九围新村 1室1厅1卫,1室1厅1卫,50㎡,None,西乡,个人,550,http://sz.58.com/zufang/30035190836927x.shtml
58,整租,上合花园 1室0厅1卫,1室0厅1卫,22㎡,上合花园,新安,个人,2180,http://sz.58.com/zufang/30035007420617x.shtml
58,整租,宝安中心区-宝安富通好旺角3室2厅1卫6000元,3室2厅1卫,None,富通好旺角,宝安中心区,个人,6000,http://sz.58.com/zufang/29914555594668x.shtml
58,整租,宝民社区 2室1厅1卫,2室1厅1卫,70㎡,None,宝安中心区,个人,2800,http://sz.58.com/zufang/30034593141961x.shtml
58,整租,宝安西乡河东径贝村 1室1厅1卫,1室1厅1卫,40㎡,None,西乡,个人,1400,http://sz.58.com/zufang/29896606364617x.shtml
58,整租,碧海湾花园 1室0厅1卫,1室0厅1卫,35㎡,碧海湾花园,西乡,个人,700,http://sz.58.com/zufang/30025473949618x.shtml
58,整租,熙龙湾二期 4室2厅2卫,4室2厅2卫,129㎡,None,宝安中心区,个人,12500,http://sz.58.com/zufang/29986076383556x.shtml
58,整租,河滨花园附近的下排村 1室1厅2卫,1室1厅2卫,30㎡,None,石岩,个人,560,http://sz.58.com/zufang/30025104845126x.shtml
58,整租,塘西花园一房 1室1厅1卫,1室1厅1卫,35㎡,None,西乡,个人,1000,http://sz.58.com/zufang/30025090019384x.shtml
58,整租,石街新村 1室0厅1卫,1室0厅1卫,28㎡,None,桃源居,个人,950,http://sz.58.com/zufang/30035149087181x.shtml
58,整租,固戍地铁站A出口 1室1厅1卫,1室1厅1卫,48㎡,None,西乡,个人,2480,http://sz.58.com/zufang/29921946078140x.shtml
58,整租,兴达华府 2室1厅1卫,2室1厅1卫,53㎡,兴达华府,西乡,个人,3500,http://sz.58.com/zufang/29961300880713x.shtml
58,整租,碧海富通城三期 1室0厅1卫,1室0厅1卫,40㎡,None,西乡,个人,2800,http://sz.58.com/zufang/29983648930486x.shtml
58,单间,石街新村 2室1厅1卫 主卧出租,主卧(2室),60㎡,None,西乡,个人,1000,http://sz.58.com/hezu/29672287898052x.shtml
58,单间,桥头V客公寓 1室1厅1卫 限女生,次卧(1室),40㎡,None,福永,个人,1000,http://sz.58.com/hezu/30018138042425x.shtml
58,整租,宝罗小区 1室0厅1卫,1室0厅1卫,25㎡,None,桃源居,个人,700,http://sz.58.com/zufang/30025958441268x.shtml
58,整租,财富港 1室1厅1卫,1室1厅1卫,35㎡,财富港,西乡,个人,3100,http://sz.58.com/zufang/29946316032322x.shtml
58,整租,西乡地铁站【A】出口、同仁医院后面 1室0厅1卫,1室0厅1卫,34㎡,None,西乡,个人,900,http://sz.58.com/zufang/29925187739574x.shtml
58,整租,塘西花园 1室1厅1卫,1室1厅1卫,45㎡,None,西乡,个人,2000,http://sz.58.com/zufang/29741533792320x.shtml
58,整租,固戍地铁口F出口 1室1厅1卫,1室1厅1卫,35㎡,None,西乡,个人,1480,http://sz.58.com/zufang/29318895327938x.shtml
58,整租,固戍宜家公寓 1室0厅1卫,1室0厅1卫,36㎡,None,西乡,个人,1000,http://sz.58.com/zufang/30035104961095x.shtml
58,整租,精装公寓出租 1室1厅1卫,1室1厅1卫,40㎡,None,西乡,个人,1800,http://sz.58.com/zufang/29880361113782x.shtml
58,整租,宝城花园 4室2厅2卫,4室2厅2卫,120㎡,None,西乡,个人,4000,http://sz.58.com/zufang/29815320489403x.shtml
58,整租,宝民社区 1室0厅1卫,1室0厅1卫,25㎡,None,宝安中心区,个人,1300,http://sz.58.com/zufang/30035083789255x.shtml
58,整租,大益广场 3室2厅2卫,3室2厅2卫,90㎡,None,西乡,个人,4200,http://sz.58.com/zufang/29602706218298x.shtml
58,整租,乐群社区 1室0厅1卫,1室0厅1卫,16㎡,None,西乡,个人,800,http://sz.58.com/zufang/29959584401851x.shtml
58,整租,景华楼 3室2厅2卫,3室2厅2卫,100㎡,None,宝安中心区,个人,4300,http://sz.58.com/zufang/30001750605500x.shtml
58,整租,宝安区固戍南航明珠花园 4室2厅2卫,4室2厅2卫,138㎡,None,西乡,个人,6000,http://sz.58.com/zufang/29950849478345x.shtml
58,单间,宝安西乡永丰 1室0厅 隔断 朝南北 简单装修,隔断(1室),16㎡,None,西乡,个人,550,http://sz.58.com/hezu/30035062220723x.shtml
58,整租,景华楼 3室2厅2卫,3室2厅2卫,100㎡,None,宝安中心区,个人,4300,http://sz.58.com/zufang/30001750605500x.shtml
58,整租,银泉花园小区 1室1厅1卫,1室1厅1卫,49㎡,None,宝安,个人,2800,http://sz.58.com/zufang/27131301492164x.shtml
58,整租,晶美花园 2室2厅2卫,2室2厅2卫,89㎡,None,宝安中心区,个人,3200,http://sz.58.com/zufang/30003170995392x.shtml
58,单间,宝安西乡后瑞地铁站 1室1厅 主卧 朝南 中等装修,主卧(1室),30㎡,None,西乡,个人,1000,http://sz.58.com/hezu/30035051181510x.shtml
58,整租,西乡盐田新一村5巷 2室1厅1卫,2室1厅1卫,69㎡,None,西乡,个人,2450,http://sz.58.com/zufang/29471527979465x.shtml
58,整租,西乡盐田新三村 1室0厅0卫,1室0厅0卫,30㎡,None,西乡,个人,960,http://sz.58.com/zufang/30034972276430x.shtml
58,单间,宝安沙井正海华府 1室1厅 主卧 朝东 精装修,主卧(1室),31㎡,正海华府,沙井,个人,1200,http://sz.58.com/hezu/30035042857418x.shtml
58,整租,沙井蚝乡时代 2室1厅1卫,2室1厅1卫,61㎡,None,沙井,个人,2000,http://sz.58.com/zufang/29934007125940x.shtml
58,整租,盐田新一村 2室1厅1卫,2室1厅1卫,65㎡,None,西乡,个人,2450,http://sz.58.com/zufang/29986048799948x.shtml
58,整租,凤城花园 2室1厅1卫,2室1厅1卫,76㎡,None,福永,个人,2000,http://sz.58.com/zufang/29773698118220x.shtml
58,整租,宝安松岗星际家园 3室2厅 93平米复式 豪华装修,3室2厅2卫,93㎡,星际家园,松岗,个人,5000,http://sz.58.com/zufang/29827835881030x.shtml
58,单间,首月半价送宽带家具、福永地铁站附近单间,主卧(1室),20㎡,None,福永,个人,750,http://sz.58.com/hezu/30002544791630x.shtml
58,整租,宝安新安 33区瓦窑花 1室 0厅 15平米,1室0厅1卫,15㎡,None,新安,个人,1400,http://sz.58.com/zufang/28940757633976x.shtml
58,单间,找合租、限女生、限女生,主卧(2室),13㎡,None,宝安中心区,个人,1350,http://sz.58.com/hezu/29716540238389x.shtml
58,整租,星港同创汇 1室1厅1卫,1室1厅1卫,52㎡,None,福永,个人,2100,http://sz.58.com/zufang/30034994997939x.shtml
58,单间,宝安宝安中心区富华花园 2室1厅 朝南北 精装修,主卧(2室),70㎡,富华花园,宝安中心区,个人,2500,http://sz.58.com/hezu/30034996485819x.shtml
58,整租,蚝乡时代 2室1厅1卫,2室1厅1卫,61㎡,None,沙井,个人,1800,http://sz.58.com/zufang/30034990922952x.shtml
58,单间,小区新房主卧招合租,次卧(4室),12㎡,None,桃源居,个人,1300,http://sz.58.com/hezu/29724925859244x.shtml
58,单间,万象新天 1室1厅1卫 男女不限,次卧(1室),20㎡,None,桃源居,个人,1200,http://sz.58.com/hezu/29718981804721x.shtml
58,整租,劳动二队 1室1厅1卫,1室1厅1卫,50㎡,None,西乡,个人,1700,http://sz.58.com/zufang/30003504109383x.shtml
58,整租,雅庭苑 2室2厅 90平米 精装修 押二付一,2室2厅1卫,90㎡,雅庭苑,西乡,个人,3800,http://sz.58.com/zufang/29685855570479x.shtml
58,单间,宝安沙井沙利公馆 1室0厅 主卧 朝东南 精装修,主卧(1室),32㎡,None,沙井,个人,1400,http://sz.58.com/hezu/26480711086798x.shtml
58,整租,万象新天 1室0厅1卫,1室0厅1卫,35㎡,万象新天,西乡,个人,1000,http://sz.58.com/zufang/30034970178490x.shtml
58,整租,蚝业雅苑 3室1厅1卫,3室1厅1卫,82㎡,蚝业雅苑,西乡,个人,4900,http://sz.58.com/zufang/26125723226679x.shtml
58,整租,宝安宝安中心区尚都 3室1厅 130平米 中等装修,3室1厅2卫,130㎡,尚都,宝安中心区,个人,7000,http://sz.58.com/zufang/29912961990839x.shtml
58,整租,坪洲麻布新村 1室0厅1卫,1室0厅1卫,20㎡,None,西乡,个人,1400,http://sz.58.com/zufang/30025998246585x.shtml
58,单间,宝安中心地铁口旁 宏发领域 分租次卧主卧 精装修拎包,次卧(4室以上),20㎡,宏发领域,宝安中心区,个人,1380,http://sz.58.com/hezu/29793754734381x.shtml
58,整租,弘雅花园四期 3室2厅1卫,3室2厅1卫,88㎡,None,新安,个人,4600,http://sz.58.com/zufang/30034950297795x.shtml
58,整租,宏发美域 3室2厅1卫,3室2厅1卫,83.09㎡,宏发美域,宝安周边,个人,4300,http://sz.58.com/zufang/30026162564147x.shtml
58,整租,壹家公寓 1室0厅1卫,1室0厅1卫,26㎡,None,福永,个人,1350,http://sz.58.com/zufang/30034943391025x.shtml
58,整租,都市翠海华苑 2室1厅1卫,2室1厅1卫,62㎡,None,新安,个人,4800,http://sz.58.com/zufang/29996932523194x.shtml
58,单间,西乡街道航城工业区河东工业园 2室1卫 限女生,主卧(2室),25㎡,None,西乡,个人,600,http://sz.58.com/hezu/29829661919146x.shtml
58,整租,万象新天 1室0厅1卫,1室0厅1卫,32㎡,万象新天,西乡,个人,1000,http://sz.58.com/zufang/30034925150404x.shtml
58,整租,听涛雅苑一期 2室2厅1卫,2室2厅1卫,74㎡,None,福永,个人,3500,http://sz.58.com/zufang/30023933210575x.shtml
58,整租,壆岗幼儿园旁 1室1厅1卫,1室1厅1卫,32㎡,None,沙井,个人,850,http://sz.58.com/zufang/30034920661568x.shtml
58,单间,福永地铁站B出口 公寓出租 家私家电齐全,主卧(1室),28㎡,None,福永,个人,1600,http://sz.58.com/hezu/30034911970763x.shtml
58,整租,宝安翻身路安乐村43区 1室0厅 30平米 大单间,1室0厅1卫,30㎡,None,翻身路,个人,1800,http://sz.58.com/zufang/29924517869776x.shtml
58,整租,宝安固戍地铁附近公寓套间出租免中 1室0厅1卫,1室0厅1卫,22㎡,None,西乡,个人,1000,http://sz.58.com/zufang/29271874191547x.shtml
58,单间,实拍、翻身地铁附近套房中的单间、有家具,次卧(4室),10㎡,None,新安,个人,1000,http://sz.58.com/hezu/29923303105336x.shtml
58,整租,【房-东-直-租】全新豪华酒店式公寓、首租首住、家电,1室0厅1卫,28㎡,None,石岩,个人,800,http://sz.58.com/zufang/29925849801143x.shtml
58,整租,新和二区 1室1厅1卫,1室1厅1卫,60㎡,None,福永,个人,850,http://sz.58.com/zufang/29983228658502x.shtml
58,整租,东江情酒楼傍边 1室1厅1卫,1室1厅1卫,20㎡,None,松岗,个人,900,http://sz.58.com/zufang/30013665295565x.shtml
58,整租,固戍地铁站精 1室0厅1卫,1室0厅1卫,32㎡,None,西乡,个人,1000,http://sz.58.com/zufang/29946502104618x.shtml
58,单间,上星四村9巷六号 1室1厅1卫 男女不限,主卧(1室),21㎡,None,沙井,个人,680,http://sz.58.com/hezu/29893618352945x.shtml
58,整租,径贝新村 2室1厅1卫,2室1厅1卫,50㎡,None,西乡,个人,2400,http://sz.58.com/zufang/30034875421893x.shtml
58,整租,一电科技公交站 1室0厅1卫,1室0厅1卫,26㎡,None,石岩,个人,1200,http://sz.58.com/zufang/29959075371953x.shtml
58,整租,桃源居四区 3室2厅1卫,3室2厅1卫,105㎡,None,西乡,个人,4000,http://sz.58.com/zufang/29669951360684x.shtml
58,整租,南航明珠花园 4室2厅2卫,4室2厅2卫,128㎡,南航明珠花园,西乡,个人,5600,http://sz.58.com/zufang/29927491481545x.shtml
58,整租,地铁站200 1室0厅1卫,1室0厅1卫,32㎡,None,西乡,个人,850,http://sz.58.com/zufang/29957413146427x.shtml
58,整租,雅庭苑(宝安 2室2厅1卫,2室2厅1卫,72㎡,雅庭苑(宝安大道),西乡,个人,3100,http://sz.58.com/zufang/29978896647092x.shtml
58,整租,祝龙田人才公寓 2室2厅1卫,2室2厅1卫,74㎡,None,石岩,个人,2200,http://sz.58.com/zufang/29912848796079x.shtml
58,整租,雅庭苑(宝安大道) 3室2厅1卫,3室2厅1卫,93㎡,None,西乡,个人,3500,http://sz.58.com/zufang/30027993845931x.shtml
58,整租,宝安西乡河西金雅园 1室0厅1卫,1室0厅1卫,15㎡,None,西乡,个人,800,http://sz.58.com/zufang/29914277449160x.shtml
58,整租,固戍地铁A和c出口附近两分钟 1室0厅1卫,1室0厅1卫,25㎡,None,西乡,个人,1200,http://sz.58.com/zufang/29971523159084x.shtml
58,单间,宝安【西乡]地铁小区房,次卧(1室),27㎡,None,西乡,个人,2500,http://sz.58.com/hezu/29642376458281x.shtml
58,整租,固戍华庭 1室0厅1卫,1室0厅1卫,35㎡,固戍华庭,西乡,个人,1000,http://sz.58.com/zufang/29896043129165x.shtml
58,整租,宝安西乡南航明珠花园 3室2厅精装修新房首租,3室2厅1卫,110㎡,南航明珠花园,西乡,个人,5200,http://sz.58.com/zufang/29458624589003x.shtml
58,整租,西乡固戍地铁口 1室1厅 45平米 豪装首次出租 拎,1室1厅1卫,45㎡,None,西乡,个人,1980,http://sz.58.com/zufang/29881351663938x.shtml
58,整租,固戍石街新村 1室0厅1卫,1室0厅1卫,25㎡,None,西乡,个人,1200,http://sz.58.com/zufang/29873357094186x.shtml
58,整租,恒安花园 4室2厅2卫,4室2厅2卫,129㎡,恒安花园,新安,个人,8600,http://sz.58.com/zufang/29946343425350x.shtml
58,整租,星河荣御 2室2厅1卫,2室2厅1卫,80㎡,None,沙井,个人,2200,http://sz.58.com/zufang/30034845854634x.shtml
58,整租,料坑新村东四巷13号 3室2厅2卫,3室2厅2卫,120㎡,None,石岩,个人,2800,http://sz.58.com/zufang/28093152949451x.shtml
58,整租,宝安碧海名园 3室1厅1卫,3室1厅1卫,65㎡,None,西乡,个人,4600,http://sz.58.com/zufang/29956154429865x.shtml
58,整租,地铁口公寓 1室0厅1卫,1室0厅1卫,32㎡,None,西乡,个人,850,http://sz.58.com/zufang/29990543905848x.shtml
58,整租,香缤广场 2室2厅1卫,2室2厅1卫,72㎡,香缤广场,新安,个人,5000,http://sz.58.com/zufang/29973009447863x.shtml
58,整租,西乡.固戍 1室1厅1卫,1室1厅1卫,46㎡,None,西乡,个人,1500,http://sz.58.com/zufang/30012869467692x.shtml
58,整租,碧海富通城一 3室2厅2卫,3室2厅2卫,107㎡,碧海富通城一期,西乡,个人,5000,http://sz.58.com/zufang/30001698289988x.shtml
58,整租,固戍地铁站精 1室0厅1卫,1室0厅1卫,32㎡,None,西乡,个人,1000,http://sz.58.com/zufang/29936794349896x.shtml
58,单间,深航假日名居 3室1厅 次卧 豪华装修,次卧(3室),11㎡,深航假日名居,宝安中心区,个人,1700,http://sz.58.com/hezu/29802034525999x.shtml
58,整租,庆宜华苑 2室2厅1卫,2室2厅1卫,100㎡,None,新安,个人,3000,http://sz.58.com/zufang/30023596247623x.shtml
58,整租,鼎尚时代 1室0厅1卫,1室0厅1卫,35㎡,鼎尚时代,西乡,个人,1000,http://sz.58.com/zufang/29895853543870x.shtml
58,整租,轻铁花园 2室1厅1卫,2室1厅1卫,50㎡,None,西乡,个人,2600,http://sz.58.com/zufang/30034822663883x.shtml
58,整租,轻铁花园 2室1厅1卫,2室1厅1卫,50㎡,None,西乡,个人,2600,http://sz.58.com/zufang/30034816026564x.shtml
58,整租,弘雅花园 2室1厅1卫,2室1厅1卫,60㎡,弘雅花园,新安,个人,4000,http://sz.58.com/zufang/30034814395190x.shtml
58,整租,时代公寓 2室1厅1卫,2室1厅1卫,60㎡,None,西乡,个人,2600,http://sz.58.com/zufang/30034633679158x.shtml
58,整租,翠景居 1室0厅1卫,1室0厅1卫,40㎡,None,西乡,个人,2200,http://sz.58.com/zufang/29493118437052x.shtml
58,整租,凤城花园 2室2厅1卫,2室2厅1卫,75㎡,凤城花园,福永,个人,2200,http://sz.58.com/zufang/30026603727042x.shtml
58,整租,壹家公寓 1室0厅1卫,1室0厅1卫,25㎡,None,福永,个人,1250,http://sz.58.com/zufang/30034186674987x.shtml
58,整租,一号线固戍地铁站 1室0厅1卫,1室0厅1卫,38㎡,None,西乡,个人,900,http://sz.58.com/zufang/29548265277878x.shtml
58,整租,中泰国际 2室1厅1卫,2室1厅1卫,86㎡,中泰国际,沙井,个人,2100,http://sz.58.com/zufang/30028342052275x.shtml
58,整租,固戍地铁 1室0厅1卫,1室0厅1卫,18㎡,None,西乡,个人,1300,http://sz.58.com/zufang/29957651607731x.shtml
58,整租,鹤洲小镇 1室0厅1卫,1室0厅1卫,20㎡,None,西乡,个人,500,http://sz.58.com/zufang/30025006841807x.shtml
58,整租,西乡南苑 1室1厅1卫,1室1厅1卫,32㎡,None,西乡,个人,1980,http://sz.58.com/zufang/30014515522603x.shtml
58,整租,鼎尚时代 1室0厅1卫,1室0厅1卫,32㎡,鼎尚时代,西乡,个人,1000,http://sz.58.com/zufang/29980844363833x.shtml
58,整租,平峦山公交站旁边 1室0厅1卫,1室0厅1卫,25㎡,None,西乡,个人,1050,http://sz.58.com/zufang/30034759130409x.shtml
58,整租,皓月花园 3室2厅1卫,3室2厅1卫,130㎡,皓月花园,宝安周边,个人,4600,http://sz.58.com/zufang/29593636192701x.shtml
58,整租,丽沙花都 2室2厅1卫,2室2厅1卫,78㎡,丽沙花都,沙井,个人,2800,http://sz.58.com/zufang/30034780827328x.shtml
58,单间,限一位有正当工作女性入住、夜生活丰富者匀扰。,次卧,None,None,翻身路,个人,1300,http://sz.58.com/hezu/29990774032577x.shtml
58,整租,西荟城 3室2厅2卫,3室2厅2卫,89㎡,西荟城,沙井,个人,3800,http://sz.58.com/zufang/29980950917688x.shtml
58,整租,弘雅花园丽景 3室2厅2卫,3室2厅2卫,98㎡,弘雅花园丽景城,西乡,个人,5300,http://sz.58.com/zufang/30034772894287x.shtml
58,整租,宝安宝安中心区白金假日公寓 2室2厅 精装修 欲租从,2室2厅1卫,50㎡,澎柏白金假日公寓,宝安中心区,个人,4000,http://sz.58.com/zufang/25866567701435x.shtml
58,整租,万科金色领域 3室2厅2卫,3室2厅2卫,99.3㎡,万科金色领域,福永,个人,5300,http://sz.58.com/zufang/30034772581065x.shtml
58,整租,石街新村 1室0厅1卫,1室0厅1卫,22㎡,None,西乡,个人,850,http://sz.58.com/zufang/29978967273537x.shtml
58,整租,壹家公寓 1室1厅1卫,1室1厅1卫,33㎡,None,沙井,个人,1350,http://sz.58.com/zufang/29936999185321x.shtml
58,整租,怀德公元 3室2厅1卫,3室2厅1卫,89㎡,None,福永,个人,4200,http://sz.58.com/zufang/29914509900346x.shtml
58,整租,固戍万象新天 1室0厅1卫,1室0厅1卫,32㎡,None,西乡,个人,1000,http://sz.58.com/zufang/29957167676622x.shtml
58,整租,花样年花乡家 1室1厅1卫,1室1厅1卫,38㎡,花样年花乡家园,宝安中心区,个人,3900,http://sz.58.com/zufang/29967341292877x.shtml
58,整租,「急转」前航SOHO公寓 1室0厅1卫,1室0厅1卫,27㎡,None,西乡,个人,2380,http://sz.58.com/zufang/29790716233931x.shtml
58,整租,新沙凯嘉酒店 1室0厅1卫,1室0厅1卫,35㎡,None,沙井,个人,700,http://sz.58.com/zufang/29924465616961x.shtml
58,整租,业主直租宝安22区环中线灵芝地铁口2室2厅 73平米,2室2厅1卫,73㎡,None,新安,个人,3000,http://sz.58.com/zufang/29663818080329x.shtml
58,整租,鸿达兴花园 1室1厅1卫,1室1厅1卫,50㎡,鸿达兴花园,沙井,个人,1800,http://sz.58.com/zufang/29624875223473x.shtml
58,整租,南航明珠花园 3室2厅1卫,3室2厅1卫,90㎡,南航明珠花园,西乡,个人,4100,http://sz.58.com/zufang/30034747589191x.shtml
58,整租,碧海富通城四 4室2厅2卫,4室2厅2卫,7200㎡,碧海富通城四期,西乡,个人,7200,http://sz.58.com/zufang/29716934937551x.shtml
58,整租,翠景居 3室2厅1卫,3室2厅1卫,73㎡,翠景居,西乡,个人,3600,http://sz.58.com/zufang/30034748743866x.shtml
58,整租,水口花园 2室1厅1卫,2室1厅1卫,35㎡,None,宝安中心区,个人,1400,http://sz.58.com/zufang/30034742334520x.shtml
58,整租,红湾新村 1室0厅1卫,1室0厅1卫,36㎡,红湾新村,西乡,个人,1000,http://sz.58.com/zufang/30034739366723x.shtml
58,整租,万象新天 1室0厅1卫,1室0厅1卫,36㎡,万象新天,西乡,个人,1000,http://sz.58.com/zufang/30034718316073x.shtml
58,整租,都市翠海华苑 1室0厅1卫,1室0厅1卫,30㎡,None,新安,个人,3000,http://sz.58.com/zufang/29888950953515x.shtml
58,整租,宝安undefined 福盈中央山 3室 2厅 68,3室2厅1卫,68㎡,None,宝安,个人,3300,http://sz.58.com/zufang/29032216903726x.shtml
58,整租,固戍幸福湾 2室1厅1卫,2室1厅1卫,86㎡,None,西乡,个人,2600,http://sz.58.com/zufang/30016110520260x.shtml
58,单间,宝安西乡招商果岭 3室2厅 主卧 朝南北 精装修,主卧(3室),15㎡,None,西乡,个人,1500,http://sz.58.com/hezu/29704764255806x.shtml
58,整租,天鹅山庄 7室3厅4卫,7室3厅4卫,380㎡,None,松岗,个人,7200,http://sz.58.com/zufang/28012963263033x.shtml
58,单间,宝安西乡泰华阳光海湾 3室1厅 次卧 朝南 中等装修,次卧(3室),15㎡,泰华阳光海湾,西乡,个人,1600,http://sz.58.com/hezu/30034703084723x.shtml
58,单间,3室2厅2卫 大次卧直租、限女生,次卧(3室),120㎡,None,宝安中心区,个人,2300,http://sz.58.com/hezu/30034699190186x.shtml
58,整租,流塘荔园北区 1室0厅1卫,1室0厅1卫,20㎡,None,西乡,个人,850,http://sz.58.com/zufang/30003293570090x.shtml
58,整租,宝安新安TATA公寓 1房 精装修 不收 拎包入住,1室1厅1卫,32㎡,TATA公寓,新安,个人,2300,http://sz.58.com/zufang/29348999253932x.shtml
58,整租,中信领航 5室2厅2卫,5室2厅2卫,140㎡,中信领航,西乡,个人,5000,http://sz.58.com/zufang/30034687068480x.shtml
58,整租,前海铂寓 1室1厅1卫,1室1厅1卫,33㎡,None,西乡,个人,2500,http://sz.58.com/zufang/29616737752517x.shtml
58,单间,宝体地铁口 金成时代家园 带超大阳台主卧 1980,主卧(4室),22㎡,None,新中心区,个人,1980,http://sz.58.com/hezu/30017723436876x.shtml
58,整租,宝安宝安中心区 西岸观邸 4房 精装修 不收出租,4室2厅1卫,97㎡,西岸观邸,宝安中心区,个人,6300,http://sz.58.com/zufang/29407481094449x.shtml
58,整租,星荟公寓 1室1厅1卫,1室1厅1卫,30㎡,None,西乡,个人,2000,http://sz.58.com/zufang/29874111330874x.shtml
58,整租,首次出租 花样年花乡 1室1厅 宝体地铁口 豪华装修,1室1厅1卫,40㎡,花样年花乡家园,宝安中心区,个人,3800,http://sz.58.com/zufang/29725134961861x.shtml
58,整租,宝安三十三区瓦窑花园 2室1厅1卫,2室1厅1卫,78㎡,None,新安,个人,1880,http://sz.58.com/zufang/30034668666155x.shtml
58,单间,龙珠花园 主卧 包水电网,主卧(3室),16㎡,None,西乡,个人,1800,http://sz.58.com/hezu/29998460448318x.shtml
58,整租,西乡永安商业城 1室1厅1卫,1室1厅1卫,35㎡,None,西乡,个人,1600,http://sz.58.com/zufang/29436631433155x.shtml
58,单间,直租 宝安西乡河东花园 3室2厅 次卧大阳台可做饭,次卧(3室),9㎡,None,西乡,个人,850,http://sz.58.com/hezu/29969930027705x.shtml
58,整租,花样年花乡家园 2室1厅1卫,2室1厅1卫,53㎡,None,宝安中心区,个人,4700,http://sz.58.com/zufang/30034668015310x.shtml
58,整租,西乡固戍地铁口 拎包入住 双电梯 采光好 豪华装修,1室1厅1卫,45㎡,None,西乡,个人,1980,http://sz.58.com/zufang/29881856984650x.shtml
58,整租,星窝公寓 1室1厅1卫,1室1厅1卫,40㎡,None,西乡,个人,2300,http://sz.58.com/zufang/30034655661353x.shtml
58,单间,宝安新安雅豪轩 3室2厅 次卧 朝南北 精装修,次卧(3室),12㎡,雅豪轩,新安,个人,1300,http://sz.58.com/hezu/29912732344519x.shtml
58,整租,衙边村 2室1厅1卫,2室1厅1卫,60㎡,None,沙井,个人,1500,http://sz.58.com/zufang/29972073484862x.shtml
58,整租,春和雅苑 1室0厅1卫,1室0厅1卫,30㎡,None,沙井,个人,1300,http://sz.58.com/zufang/30011984874930x.shtml
58,整租,带电梯短租3个月 转租西乡伯乐公寓 单间 1室0厅1,1室0厅1卫,15㎡,None,西乡,个人,1400,http://sz.58.com/zufang/29841517085259x.shtml
58,单间,西乡宝乐新村 3室1厅 次卧 朝东南 中等装修,次卧(3室),12㎡,None,西乡,个人,1200,http://sz.58.com/hezu/28587789531086x.shtml
58,整租,和平骏丰公寓 1室1厅1卫,1室1厅1卫,30㎡,None,福永,个人,800,http://sz.58.com/zufang/29982753720011x.shtml
58,单间,河东花园 2室1厅 次卧 朝南北 简单装修,次卧(2室),20㎡,None,西乡,个人,900,http://sz.58.com/hezu/29968522447182x.shtml
58,整租,铁岗村 1室0厅1卫,1室0厅1卫,15㎡,铁岗村,西乡,个人,850,http://sz.58.com/zufang/29983693407034x.shtml
58,整租,红湾新村 1室0厅1卫,1室0厅1卫,36㎡,红湾新村,西乡,个人,1000,http://sz.58.com/zufang/30034619508422x.shtml
58,单间,泰华苑 3室1厅2卫 12平米次卧 限男生 押二付一,次卧(3室),112㎡,None,新安,个人,1500,http://sz.58.com/hezu/29980616030029x.shtml
58,单间,宝安西乡君悦居 1室0厅 主卧 精装修,主卧(1室),16㎡,None,西乡,个人,1300,http://sz.58.com/hezu/30034636753359x.shtml
58,整租,伴山家园 1室0厅1卫,1室0厅1卫,30㎡,None,西乡,个人,1700,http://sz.58.com/zufang/29925131746768x.shtml
58,整租,宝林阁公寓 1室0厅1卫,1室0厅1卫,25㎡,None,松岗,个人,800,http://sz.58.com/zufang/29775114102060x.shtml
58,整租,濠景城濠景时代 1室0厅1卫,1室0厅1卫,27㎡,None,沙井,个人,600,http://sz.58.com/zufang/30019756611896x.shtml
58,整租,固戍地铁f出口 1室1厅1卫,1室1厅1卫,48㎡,None,西乡,个人,2180,http://sz.58.com/zufang/30013223479222x.shtml
58,整租,花样年花乡家 1室1厅1卫,1室1厅1卫,43㎡,花样年花乡家园,宝安中心区,个人,4000,http://sz.58.com/zufang/30034627619792x.shtml
58,整租,双龙花园 3室2厅1卫,3室2厅1卫,80㎡,双龙花园,西乡,个人,3700,http://sz.58.com/zufang/30034629368648x.shtml
58,整租,壹家公馆 1室0厅1卫,1室0厅1卫,42㎡,None,福永,个人,1500,http://sz.58.com/zufang/29551221557578x.shtml
58,整租,新沙天虹 1室0厅1卫,1室0厅1卫,33㎡,None,沙井,个人,600,http://sz.58.com/zufang/30001418144570x.shtml
58,单间,圣淘沙骏园西乡-宝安次卧觅室友,次卧(3室),120㎡,圣淘沙骏园,西乡,个人,1800,http://sz.58.com/hezu/29983105310147x.shtml
58,整租,沙井和一附近 1室0厅1卫,1室0厅1卫,26㎡,None,沙井,个人,600,http://sz.58.com/zufang/29715819130433x.shtml
58,整租,碧海富通城一期 4室2厅2卫,4室2厅2卫,135㎡,None,西乡,个人,6000,http://sz.58.com/zufang/29461212324139x.shtml
58,整租,财富港 精装修、全新家具 拎包入住,1室1厅1卫,40㎡,None,宝安,个人,3400,http://sz.58.com/zufang/25911248772937x.shtml
58,整租,富通城6期 3室2厅1卫,3室2厅1卫,86㎡,None,新中心区,个人,5600,http://sz.58.com/zufang/30027249760317x.shtml
58,单间,宝安西乡泰华阳光海湾 高楼！高端！高品质！原木！,主卧(4室),18㎡,泰华阳光海湾,西乡,个人,2230,http://sz.58.com/hezu/30034605087273x.shtml
58,整租,湖景居 3室2厅2卫,3室2厅2卫,101㎡,湖景居,新安,个人,6000,http://sz.58.com/zufang/29944968462534x.shtml
58,整租,固戍地铁站 1室1厅1卫,1室1厅1卫,50㎡,None,西乡,个人,1250,http://sz.58.com/zufang/30023500418633x.shtml
58,单间,宝安灵芝单间 千万不要以为照片是假的——装修超豪华,主卧(1室),10㎡,灵芝园新村,新安,个人,1290,http://sz.58.com/hezu/29595625245367x.shtml
58,整租,泰和豪苑 2室1厅1卫,2室1厅1卫,75㎡,None,松岗,个人,1600,http://sz.58.com/zufang/29946913395380x.shtml
58,整租,石岩公学对面华丰经安花园广场 3室1厅1卫,3室1厅1卫,101㎡,None,石岩,个人,2900,http://sz.58.com/zufang/29913865936585x.shtml
58,整租,双地铁口中信湾上六座首次出租 3室2厅1卫,3室2厅1卫,89㎡,None,西乡,个人,5500,http://sz.58.com/zufang/29370676475971x.shtml
58,整租,共乐华庭 3室2厅2卫,3室2厅2卫,116㎡,None,西乡,个人,5200,http://sz.58.com/zufang/26368282874570x.shtml
58,整租,荣泰园 1室1厅1卫,1室1厅1卫,35㎡,荣泰园,沙井,个人,1200,http://sz.58.com/zufang/30034580390058x.shtml
58,整租,荣泰园 1室1厅1卫,1室1厅1卫,32㎡,None,沙井,个人,1550,http://sz.58.com/zufang/30034583457600x.shtml
58,整租,沙井大唐足浴附近 1室0厅1卫,1室0厅1卫,26㎡,None,沙井,个人,600,http://sz.58.com/zufang/30023246409531x.shtml
58,整租,固戍一路390号 1室1厅1卫,1室1厅1卫,45㎡,None,西乡,个人,1730,http://sz.58.com/zufang/29973295866184x.shtml
58,整租,红湾新村 1室0厅1卫,1室0厅1卫,36㎡,红湾新村,西乡,个人,1000,http://sz.58.com/zufang/30034575021762x.shtml
58,整租,真图！翻身地铁站（个人）电梯2房1厅整租3680、家,2室1厅1卫,60㎡,金泰花园,新安,个人,3000,http://sz.58.com/zufang/28312252352939x.shtml
58,整租,中信湾上六座 3室2厅1卫,3室2厅1卫,88㎡,None,西乡,个人,5800,http://sz.58.com/zufang/29370762276666x.shtml
58,单间,（房东直租）沙井 新天虹 新装修情侣公寓 带家私家电,主卧(1室),22㎡,None,沙井,个人,600,http://sz.58.com/hezu/29344337182383x.shtml
58,整租,壹家公寓 2室1厅 40平米 简单装修 押二付一,2室1厅1卫,40㎡,None,沙井,个人,1850,http://sz.58.com/zufang/29782277178413x.shtml
58,整租,整租 临近地铁 风临洲 拎包入住 精装修,次卧(4室),10㎡,None,宝安中心区,个人,1590,http://sz.58.com/hezu/30034561291842x.shtml
58,整租,凤凰世纪花园 3室2厅1卫,3室2厅1卫,103㎡,None,福永,个人,3600,http://sz.58.com/zufang/29884964186057x.shtml
58,单间,三围村宝安-一房一厅700元/月,主卧,None,None,新安,个人,700,http://sz.58.com/hezu/30034565581134x.shtml
58,整租,宝安石岩宝石公寓 1室1厅 45平米 中等装修 押二,1室1厅1卫,45㎡,None,石岩,个人,1100,http://sz.58.com/zufang/29934666456877x.shtml
58,整租,中熙香缤山四 4室2厅 100平米 中等装修 押二付,4室2厅1卫,100㎡,None,西乡,个人,5000,http://sz.58.com/zufang/29050045537858x.shtml
58,整租,华创达前海公寓个人 1室1厅1卫,1室1厅1卫,25㎡,None,宝安中心区,个人,1800,http://sz.58.com/zufang/29970031571763x.shtml
58,整租,沙井新沙天虹广场 1室0厅1卫,1室0厅1卫,25㎡,None,沙井,个人,700,http://sz.58.com/zufang/29889812630600x.shtml
58,整租,万象新天 1室0厅1卫,1室0厅1卫,32㎡,万象新天,西乡,个人,1000,http://sz.58.com/zufang/30034557471158x.shtml
58,单间,双地铁口单间出租1600精品小区交通生活超方便！,次卧(1室),15㎡,None,宝安,个人,1600,http://sz.58.com/hezu/29979243150643x.shtml
58,整租,径贝新村 2室1厅1卫,2室1厅1卫,50㎡,None,西乡,个人,2300,http://sz.58.com/zufang/30034545900488x.shtml
58,单间,个人房源、欢乐颂招租啦！还差一个,主卧(3室),106㎡,None,石岩,个人,1000,http://sz.58.com/hezu/30017881827766x.shtml
58,整租,西荟城4 4室2厅2卫,4室2厅2卫,127㎡,None,沙井,个人,4000,http://sz.58.com/zufang/30034548141123x.shtml
58,整租,沙井青年公寓 1室1厅1卫,1室1厅1卫,70㎡,None,沙井,个人,1000,http://sz.58.com/zufang/29934362824493x.shtml
58,整租,【转租】固戍地铁口前航公寓复式转租,1室0厅1卫,28㎡,None,西乡,个人,2000,http://sz.58.com/zufang/29719063478073x.shtml
58,整租,宝安西乡鹤州小镇 1室0厅1卫,1室0厅1卫,20㎡,None,桃源居,个人,550,http://sz.58.com/zufang/30002039827148x.shtml
58,整租,西城品阁 1室0厅1卫,1室0厅1卫,25㎡,西城品阁,新安,个人,2200,http://sz.58.com/zufang/30034524072776x.shtml
58,整租,荣泰园 1室1厅1卫,1室1厅1卫,32㎡,荣泰园,沙井,个人,1550,http://sz.58.com/zufang/30034526819526x.shtml
58,整租,同泰时代中心 2室1厅1卫,2室1厅1卫,76㎡,None,福永,个人,3200,http://sz.58.com/zufang/29982859135294x.shtml
58,单间,宝安宝安中心区华安苑 3室2厅 主卧 朝南北 精装修,主卧(3室),100㎡,华安苑,宝安中心区,个人,3500,http://sz.58.com/hezu/30034517248063x.shtml
58,整租,共乐华庭 1室1厅1卫,1室1厅1卫,50㎡,共乐华庭,西乡,个人,1600,http://sz.58.com/zufang/30034520124744x.shtml
58,整租,鸿达兴花园 3室2厅2卫,3室2厅2卫,105㎡,None,沙井,个人,3300,http://sz.58.com/zufang/29962029632455x.shtml
58,整租,万象新天 1室0厅1卫,1室0厅1卫,32㎡,万象新天,西乡,个人,1000,http://sz.58.com/zufang/30034507381687x.shtml
58,单间,塘尾八区十二巷 1室1卫 男女不限,主卧(1室),30㎡,None,沙井,个人,350,http://sz.58.com/hezu/30034008717239x.shtml
58,整租,濠景城濠景时代 1室1厅1卫,1室1厅1卫,58㎡,None,沙井,个人,1800,http://sz.58.com/zufang/29993934215752x.shtml
58,整租,（转租无）坪洲地铁站附近单间750,1室0厅1卫,None,永丰社区,西乡,个人,750,http://sz.58.com/zufang/30018147304900x.shtml
58,整租,金荔花园 2室2厅1卫,2室2厅1卫,95㎡,None,桃源居,个人,1650,http://sz.58.com/zufang/26551334402747x.shtml
58,整租,御景城 3室2厅1卫,3室2厅1卫,98㎡,None,松岗,个人,3000,http://sz.58.com/zufang/30033287927724x.shtml
58,单间,西乡共乐旧村 1室1厅1卫 限女生,主卧(1室),40㎡,None,西乡,个人,600,http://sz.58.com/hezu/30002260042191x.shtml
58,整租,庆华花园 3室2厅1卫,3室2厅1卫,100㎡,庆华花园,宝安中心区,个人,4000,http://sz.58.com/zufang/30034488491562x.shtml
58,单间,雅居园 2室1厅1卫 限女生,主卧(2室),62㎡,None,沙井,个人,1200,http://sz.58.com/hezu/29918646757956x.shtml
58,整租,塘尾和沙路德 2室1厅1卫,2室1厅1卫,65㎡,None,福永,个人,1500,http://sz.58.com/zufang/30027756420687x.shtml
58,整租,西乡径贝华侨新村 1室0厅1卫,1室0厅1卫,25㎡,None,西乡,个人,1500,http://sz.58.com/zufang/28499968128578x.shtml
58,整租,宝安西乡永丰 2室2厅1卫,2室2厅1卫,60㎡,None,西乡,个人,2400,http://sz.58.com/zufang/29971115915969x.shtml
58,单间,个人招租、宝体地铁C口、宝安地铁A口、可以立马入住,次卧(4室以上),10㎡,深航假日名居,宝安中心区,个人,1400,http://sz.58.com/hezu/29592945967404x.shtml
58,整租,鑫海公寓 1室0厅1卫,1室0厅1卫,23㎡,None,新安,个人,1200,http://sz.58.com/zufang/29873433597100x.shtml
58,整租,兴达华府 1室0厅1卫,1室0厅1卫,22㎡,兴达华府,西乡,个人,1900,http://sz.58.com/zufang/30034464448958x.shtml
58,整租,丽晶国际 3室2厅2卫,3室2厅2卫,108㎡,None,宝安中心区,个人,6500,http://sz.58.com/zufang/28543728084939x.shtml
58,整租,宝安碧海名园 2室2厅1卫,2室2厅1卫,75㎡,None,西乡,个人,3800,http://sz.58.com/zufang/29904045011778x.shtml
